seed,probe,method,quantity,n_shared_draws,diff_vs_plain,diff_mc_sem,diff_z,diff_resolved_2sem,ratio_to_plain,ratio_mc_sem,unpaired_sem_would_be
0,test_probe,resolution_max_b1,trace_ordinary,128.0,-8633.7328585549,731.2089366392518,-11.807477214702624,True,0.5651036603796804,0.026065128196409503,716.6996296826609
0,test_probe,resolution_max_b1,trace_relative,128.0,-13995.200453303178,1178.8633011436123,-11.871775497402005,True,0.5613391748107841,0.025990470119051607,1150.5329789159578
0,test_probe,resolution_max_b1,trace_covariance,128.0,-60.46245822044913,5.302270609393389,-11.403125693610418,True,0.5726454014758016,0.02596889577319526,5.146849589257387
0,test_probe,gaussian_postrelu,trace_ordinary,128.0,-8640.168488478856,704.7490762570305,-12.259921693501704,True,0.5647794863586709,0.02433122240651854,695.8222917133253
0,test_probe,gaussian_postrelu,trace_relative,128.0,-12968.513022187102,1125.6381434708621,-11.521031956325848,True,0.5935193180854363,0.024855285250049774,1123.920602382329
0,test_probe,gaussian_postrelu,trace_covariance,128.0,-26.123854454055525,5.617311789472216,-4.65059719544427,True,0.8153540285872524,0.036024091565719174,6.240916033973888
0,test_probe,resolution_max_b1_gaussian_conv,trace_ordinary,128.0,-10059.239378656688,654.4532397179352,-15.370447830607654,True,0.49329838474124316,0.020291707573897057,684.6968923552545
0,test_probe,resolution_max_b1_gaussian_conv,trace_relative,128.0,-16003.856166290678,1049.4489816333974,-15.249770542805942,True,0.4983805501365541,0.02024705312436391,1100.170187255239
0,test_probe,resolution_max_b1_gaussian_conv,trace_covariance,128.0,-68.5836008230744,4.743165857572525,-14.459456591335469,True,0.5152443672034489,0.02090506437049014,5.05164109283328
0,test_probe,resolution_max_b1,lambda_top1_ordinary,,-1358.514949482034,,,,0.54853175987365,,
0,test_probe,resolution_max_b1,lambda_top1_relative,,-2207.457275308985,,,,0.541692449419616,,
0,test_probe,resolution_max_b1,quadform_20dir_mean,,-52.5709496367343,4.783587013829462,,,0.5994001388220737,,
0,test_probe,gaussian_postrelu,lambda_top1_ordinary,,-1652.8574212790265,,,,0.4507144500330081,,
0,test_probe,gaussian_postrelu,lambda_top1_relative,,-2603.2721151073742,,,,0.45951422031392475,,
0,test_probe,gaussian_postrelu,quadform_20dir_mean,,-18.68345784194119,7.149110775701887,,,0.8576287727438088,,
0,test_probe,resolution_max_b1_gaussian_conv,lambda_top1_ordinary,,-1693.8220471308425,,,,0.43710088799763624,,
0,test_probe,resolution_max_b1_gaussian_conv,lambda_top1_relative,,-2702.4178977789406,,,,0.438929785310434,,
0,test_probe,resolution_max_b1_gaussian_conv,quadform_20dir_mean,,-66.84957386601945,4.164941023968661,,,0.49059451663741155,,
0,train_probe,resolution_max_b1,trace_ordinary,128.0,-4635.462712405126,591.2806042921765,-7.839700268799194,True,0.6870168456739612,0.032091615264034576,577.1598622557497
0,train_probe,resolution_max_b1,trace_relative,128.0,-7563.918223192719,951.7957390336925,-7.946997357722952,True,0.6822307198853952,0.0319551566753059,926.0397415577193
0,train_probe,resolution_max_b1,trace_covariance,128.0,-31.649577914980334,4.244306784338856,-7.456948689893172,True,0.6986663565285538,0.03217099070366399,4.157522317564898
0,train_probe,gaussian_postrelu,trace_ordinary,128.0,-4621.466180854817,575.4143392192179,-8.031545037834308,True,0.687961881556251,0.030836395362340084,563.3952323916773
0,train_probe,gaussian_postrelu,trace_relative,128.0,-6626.757776032739,919.0309298955469,-7.210592767303171,True,0.721601954721433,0.031450491470068204,910.2751867819744
0,train_probe,gaussian_postrelu,trace_covariance,128.0,-2.571924736007313,4.513035074920397,-0.5698880450320182,False,0.9755128661267676,0.04246225881513018,5.049949373613976
0,train_probe,resolution_max_b1_gaussian_conv,trace_ordinary,128.0,-6034.988777193659,528.567495706628,-11.41763128874514,True,0.5925218384879901,0.025505907552856522,549.075622479099
0,train_probe,resolution_max_b1_gaussian_conv,trace_relative,128.0,-9562.865815707939,848.504270291779,-11.270262449497766,True,0.5982525330889406,0.025496664886847764,881.7502118773448
0,train_probe,resolution_max_b1_gaussian_conv,trace_covariance,128.0,-39.867692082669585,3.867587649272144,-10.308154771921572,True,0.6204222077039973,0.026818211189763064,4.079327588776261
0,train_probe,resolution_max_b1,lambda_top1_ordinary,,-861.770507773818,,,,0.6394957966802064,,
0,train_probe,resolution_max_b1,lambda_top1_relative,,-1408.8632262184692,,,,0.6317507170147488,,
0,train_probe,resolution_max_b1,quadform_20dir_mean,,-29.49829833720726,3.790587278687089,,,0.6966413537208953,,
0,train_probe,gaussian_postrelu,lambda_top1_ordinary,,-1070.5985376428678,,,,0.5521368283009557,,
0,train_probe,gaussian_postrelu,lambda_top1_relative,,-1671.9723872545724,,,,0.5629791300392992,,
0,train_probe,gaussian_postrelu,quadform_20dir_mean,,5.6608056076788955,7.076610231528357,,,1.0582153691160077,,
0,train_probe,resolution_max_b1_gaussian_conv,lambda_top1_ordinary,,-1171.4350697563123,,,,0.5099539114487708,,
0,train_probe,resolution_max_b1_gaussian_conv,lambda_top1_relative,,-1865.9657289619422,,,,0.5122730659883563,,
0,train_probe,resolution_max_b1_gaussian_conv,quadform_20dir_mean,,-40.200849280198625,3.725124662196363,,,0.5865769924250499,,
1,test_probe,resolution_max_b1,trace_ordinary,128.0,-9401.929763225962,755.8161078843052,-12.4394408443398,True,0.558620936380276,0.024301815918772514,811.8344599322505
1,test_probe,resolution_max_b1,trace_relative,128.0,-15306.644265420397,1191.6754387663145,-12.84464189449658,True,0.554331213240726,0.02384890461974869,1279.46247452671
1,test_probe,resolution_max_b1,trace_covariance,128.0,-68.79091267898917,4.898910824992051,-14.042083054063509,True,0.5615776427132235,0.02189527645493533,5.343388195968973
1,test_probe,gaussian_postrelu,trace_ordinary,128.0,-9496.777701139661,750.6456830980275,-12.651478473765456,True,0.5541682447438894,0.023646621646345574,800.8949335496743
1,test_probe,gaussian_postrelu,trace_relative,128.0,-14649.416852567716,1188.5878445420576,-12.325060297257107,True,0.5734670694500913,0.023928123109827813,1267.0132694910174
1,test_probe,gaussian_postrelu,trace_covariance,128.0,-47.53836092682464,5.716347089286188,-8.316213166258393,True,0.697025676104254,0.030281657115087734,5.875071751707311
1,test_probe,resolution_max_b1_gaussian_conv,trace_ordinary,128.0,-11562.134463283684,717.4225288821181,-16.116213246466778,True,0.45720886973543295,0.018859510328547716,767.018009539477
1,test_probe,resolution_max_b1_gaussian_conv,trace_relative,128.0,-18490.961695875063,1123.4333575601534,-16.459331184569155,True,0.46161651619291016,0.01856525595800231,1207.3732420490296
1,test_probe,resolution_max_b1_gaussian_conv,trace_covariance,128.0,-83.04229805068853,4.577047878714274,-18.143200650550266,True,0.4707498614564256,0.017063700155242573,5.03983103064381
1,test_probe,resolution_max_b1,lambda_top1_ordinary,,-1252.7913595719301,,,,0.5602448528637455,,
1,test_probe,resolution_max_b1,lambda_top1_relative,,-2050.508631133063,,,,0.5535305084432053,,
1,test_probe,resolution_max_b1,quadform_20dir_mean,,-69.13923623229185,6.922085956911712,,,0.5654703054453206,,
1,test_probe,gaussian_postrelu,lambda_top1_ordinary,,-1292.236016878087,,,,0.5463989790517365,,
1,test_probe,gaussian_postrelu,lambda_top1_relative,,-2023.3002549756097,,,,0.5594547506944517,,
1,test_probe,gaussian_postrelu,quadform_20dir_mean,,-40.93974616273199,7.207023332138433,,,0.7426998566274392,,
1,test_probe,resolution_max_b1_gaussian_conv,lambda_top1_ordinary,,-1578.685474965244,,,,0.4458494161690068,,
1,test_probe,resolution_max_b1_gaussian_conv,lambda_top1_relative,,-2559.4888550623045,,,,0.4427072042444894,,
1,test_probe,resolution_max_b1_gaussian_conv,quadform_20dir_mean,,-77.84388576816622,6.841343515921225,,,0.5107628931256222,,
1,train_probe,resolution_max_b1,trace_ordinary,128.0,-5723.834555021623,605.9774059709583,-9.445623712406102,True,0.6381852077351174,0.02872295551267926,638.5441825469536
1,train_probe,resolution_max_b1,trace_relative,128.0,-9332.056446377745,953.3324592794362,-9.788879373132072,True,0.6334469834467938,0.02813491531816417,1001.6730034157457
1,train_probe,resolution_max_b1,trace_covariance,128.0,-41.06147317733968,3.646509276227817,-11.260487788972883,True,0.641162087288684,0.024445754927340448,3.9084642926851165
1,train_probe,gaussian_postrelu,trace_ordinary,128.0,-6011.515889570937,595.670544784216,-10.092014692028515,True,0.6200003071587847,0.027600718880558622,634.189028079541
1,train_probe,gaussian_postrelu,trace_relative,128.0,-9038.221319715865,940.0856174528325,-9.614253374288376,True,0.6449885072969856,0.02796759610526182,1002.4839101322075
1,train_probe,gaussian_postrelu,trace_covariance,128.0,-21.07457287561467,4.37218751748953,-4.8201438733614745,True,0.8158284358355298,0.035022442305964595,4.646382648910692
1,train_probe,resolution_max_b1_gaussian_conv,trace_ordinary,128.0,-7523.963407693315,565.4148521051056,-13.306978724879121,True,0.5243955374330606,0.022439488581504043,602.9757350518743
1,train_probe,resolution_max_b1_gaussian_conv,trace_relative,128.0,-11970.542056737397,883.1725047201384,-13.55402482840048,True,0.5298101414316604,0.022068252621193656,944.5518146450208
1,train_probe,resolution_max_b1_gaussian_conv,trace_covariance,128.0,-52.12887575708853,3.4656798656763605,-15.041457312132632,True,0.5444435983123902,0.02037925969355443,3.714314397839038
1,train_probe,resolution_max_b1,lambda_top1_ordinary,,-683.778503088427,,,,0.6770326700496101,,
1,train_probe,resolution_max_b1,lambda_top1_relative,,-1111.8068515174155,,,,0.6726186404288129,,
1,train_probe,resolution_max_b1,quadform_20dir_mean,,-45.95703914866145,5.617801243737245,,,0.6160313830588525,,
1,train_probe,gaussian_postrelu,lambda_top1_ordinary,,-831.4031664188833,,,,0.6073054950429151,,
1,train_probe,gaussian_postrelu,lambda_top1_relative,,-1270.653197044248,,,,0.6258449292482119,,
1,train_probe,gaussian_postrelu,quadform_20dir_mean,,-15.693816323443954,6.715557880069773,,,0.8688789996076871,,
1,train_probe,resolution_max_b1_gaussian_conv,lambda_top1_ordinary,,-1003.454727599661,,,,0.5260408266197751,,
1,train_probe,resolution_max_b1_gaussian_conv,lambda_top1_relative,,-1612.1819809729661,,,,0.5252787585480787,,
1,train_probe,resolution_max_b1_gaussian_conv,quadform_20dir_mean,,-50.85587526157843,6.06545163540545,,,0.5751018679781825,,
2,test_probe,resolution_max_b1,trace_ordinary,128.0,-10038.1795179968,722.9996329795094,-13.884072771419085,True,0.5256541186836853,0.02209261989136719,784.3480032822611
2,test_probe,resolution_max_b1,trace_relative,128.0,-16326.576262685801,1163.3967694556943,-14.033540999365451,True,0.5247706448895855,0.021815167199883852,1256.2572425071603
2,test_probe,resolution_max_b1,trace_covariance,128.0,-67.33793147413832,4.840723898855121,-13.910715190772274,True,0.5534911329732012,0.02147886105383388,5.3174975662407435
2,test_probe,gaussian_postrelu,trace_ordinary,128.0,-9181.884965219768,750.9105587178454,-12.227667940769841,True,0.566117610452802,0.02410727519727256,785.657369956513
2,test_probe,gaussian_postrelu,trace_relative,128.0,-14187.090267689353,1199.928646152157,-11.82327825340571,True,0.587046196928851,0.024216242407918476,1263.846063806725
2,test_probe,gaussian_postrelu,trace_covariance,128.0,-39.43672254859748,4.958663797101923,-7.953094656598046,True,0.738500338235259,0.027228632889938126,5.73534038436743
2,test_probe,resolution_max_b1_gaussian_conv,trace_ordinary,128.0,-11183.471304169949,694.1761428336953,-16.110423009523085,True,0.47153430136993274,0.018300020960136595,749.3114559495597
2,test_probe,resolution_max_b1_gaussian_conv,trace_relative,128.0,-17968.021103337942,1117.3245896653325,-16.081290315753122,True,0.47699193363245207,0.018362817044465057,1205.7980889893734
2,test_probe,resolution_max_b1_gaussian_conv,trace_covariance,128.0,-74.03643566513978,4.865325855180084,-15.217158699928312,True,0.5090742426467284,0.01978491327850639,5.142456203609272
2,test_probe,resolution_max_b1,lambda_top1_ordinary,,-1849.0668688927835,,,,0.46695677046412415,,
2,test_probe,resolution_max_b1,lambda_top1_relative,,-3045.9385865126424,,,,0.4583451054404935,,
2,test_probe,resolution_max_b1,quadform_20dir_mean,,-72.48083785822851,6.5707659857354725,,,0.5240326803993426,,
2,test_probe,gaussian_postrelu,lambda_top1_ordinary,,-2019.6150181775984,,,,0.4177916819454051,,
2,test_probe,gaussian_postrelu,lambda_top1_relative,,-3244.8153462611704,,,,0.4229791362089014,,
2,test_probe,gaussian_postrelu,quadform_20dir_mean,,-45.15708001584247,6.191811904884741,,,0.7034623912850796,,
2,test_probe,resolution_max_b1_gaussian_conv,lambda_top1_ordinary,,-2146.303638948356,,,,0.38127028150436665,,
2,test_probe,resolution_max_b1_gaussian_conv,lambda_top1_relative,,-3474.550185257843,,,,0.3821257189586677,,
2,test_probe,resolution_max_b1_gaussian_conv,quadform_20dir_mean,,-75.10442753885904,4.592795186840895,,,0.5068040861264096,,
2,train_probe,resolution_max_b1,trace_ordinary,128.0,-5137.470664937035,512.7845494498694,-10.018770398696036,True,0.6531229205057059,0.026518556528766873,571.212286875167
2,train_probe,resolution_max_b1,trace_relative,128.0,-8380.05365560941,822.1619717319403,-10.192704045841788,True,0.6515081519437774,0.026105395452600974,913.1433243530788
2,train_probe,resolution_max_b1,trace_covariance,128.0,-34.64222107127229,3.3926320975118944,-10.211016130124564,True,0.6722852451798521,0.024741228761131096,3.8842664528398947
2,train_probe,gaussian_postrelu,trace_ordinary,128.0,-4664.370497818052,550.5637441075443,-8.47198993347978,True,0.6850661888923306,0.029636116168100284,579.939352824469
2,train_probe,gaussian_postrelu,trace_relative,128.0,-6976.4615417446275,879.6113723400786,-7.931299845731601,True,0.7098777555023967,0.029740673189037878,933.100395943106
2,train_probe,gaussian_postrelu,trace_covariance,128.0,-11.021314087605177,3.8627783260254667,-2.8532090524970277,True,0.895738577599155,0.03451457785577856,4.437579632722604
2,train_probe,resolution_max_b1_gaussian_conv,trace_ordinary,128.0,-6198.011094995183,505.81682501659157,-12.253469612822546,True,0.5815162504034442,0.023272688574991453,537.3375232736722
2,train_probe,resolution_max_b1_gaussian_conv,trace_relative,128.0,-9896.188927236894,815.565881857097,-12.134137961610927,True,0.5884583429059783,0.023410644421474395,865.3379152683463
2,train_probe,resolution_max_b1_gaussian_conv,trace_covariance,128.0,-39.380912947520144,3.5857423809185276,-10.98263867395635,True,0.627457309834777,0.024897391172499915,3.7798308627277533
2,train_probe,resolution_max_b1,lambda_top1_ordinary,,-1211.4842296333004,,,,0.5173867577184017,,
2,train_probe,resolution_max_b1,lambda_top1_relative,,-1985.783987942321,,,,0.5112917642797267,,
2,train_probe,resolution_max_b1,quadform_20dir_mean,,-39.306360809750444,5.750053705396448,,,0.6403666081153805,,
2,train_probe,gaussian_postrelu,lambda_top1_ordinary,,-1343.5828782854437,,,,0.4647632438767684,,
2,train_probe,gaussian_postrelu,lambda_top1_relative,,-2152.206326422178,,,,0.4703346572042437,,
2,train_probe,gaussian_postrelu,quadform_20dir_mean,,-21.96705055553528,4.46463929428158,,,0.7990125583178295,,
2,train_probe,resolution_max_b1_gaussian_conv,lambda_top1_ordinary,,-1357.3578204906255,,,,0.45927578530547797,,
2,train_probe,resolution_max_b1_gaussian_conv,lambda_top1_relative,,-2192.18579257457,,,,0.4604955737555856,,
2,train_probe,resolution_max_b1_gaussian_conv,quadform_20dir_mean,,-41.06093934960451,4.381867027734811,,,0.6243130987439621,,
3,test_probe,resolution_max_b1,trace_ordinary,128.0,-11800.498674493116,771.3107978647885,-15.29927845838579,True,0.49149523912671506,0.01911367882155697,871.4146282385418
3,test_probe,resolution_max_b1,trace_relative,128.0,-18701.333297210644,1234.5511296144152,-15.148285760389358,True,0.49474104238934596,0.019258292105949506,1388.0267229462477
3,test_probe,resolution_max_b1,trace_covariance,128.0,-66.66645070002856,4.991911021985125,-13.354895631436442,True,0.5693329680155659,0.021950612377150684,5.581618155073065
3,test_probe,gaussian_postrelu,trace_ordinary,128.0,-12502.01333740697,819.0093725281027,-15.264798861600314,True,0.46126570766757663,0.019405519273486663,854.6267753787024
3,test_probe,gaussian_postrelu,trace_relative,128.0,-18808.031938143606,1302.352293170389,-14.44158545792411,True,0.491858336475308,0.020174167983112844,1365.3746485825545
3,test_probe,gaussian_postrelu,trace_covariance,128.0,-33.236332894548596,6.243687890672595,-5.3231893516330535,True,0.7852924118287322,0.035748339668221656,6.516265323987238
3,test_probe,resolution_max_b1_gaussian_conv,trace_ordinary,128.0,-14458.940214508388,759.3309839074014,-19.04168343046518,True,0.37693820074298423,0.01551088216453285,856.6405084995121
3,test_probe,resolution_max_b1_gaussian_conv,trace_relative,128.0,-22533.868275855057,1208.1964283089596,-18.65083172559479,True,0.39119641284119117,0.01596720520464134,1371.8360923379037
3,test_probe,resolution_max_b1_gaussian_conv,trace_covariance,128.0,-76.88671773504632,4.6600815308350345,-16.499006986529928,True,0.5033097730825625,0.01933225040717295,5.634185801954198
3,test_probe,resolution_max_b1,lambda_top1_ordinary,,-1861.3565577427296,,,,0.4740514748777891,,
3,test_probe,resolution_max_b1,lambda_top1_relative,,-2992.077588801418,,,,0.4723090013358346,,
3,test_probe,resolution_max_b1,quadform_20dir_mean,,-67.39377163347423,5.2258905724786295,,,0.5679144678472706,,
3,test_probe,gaussian_postrelu,lambda_top1_ordinary,,-2107.7594336517323,,,,0.40442739955963974,,
3,test_probe,gaussian_postrelu,lambda_top1_relative,,-3333.237903152338,,,,0.41214103388130957,,
3,test_probe,gaussian_postrelu,quadform_20dir_mean,,-17.66437781539085,10.384908017105346,,,0.8867473669522455,,
3,test_probe,resolution_max_b1_gaussian_conv,lambda_top1_ordinary,,-2388.3203830091134,,,,0.3251515526470261,,
3,test_probe,resolution_max_b1_gaussian_conv,lambda_top1_relative,,-3792.860925717914,,,,0.3310806587445041,,
3,test_probe,resolution_max_b1_gaussian_conv,quadform_20dir_mean,,-76.3586378176123,5.727878753792465,,,0.5104375099331463,,
3,train_probe,resolution_max_b1,trace_ordinary,128.0,-5678.307965234372,535.5555909594402,-10.60264902670844,True,0.6285770702008855,0.025242825039807005,605.7487770218091
3,train_probe,resolution_max_b1,trace_relative,128.0,-8928.037222463123,852.4230320022152,-10.47371655537332,True,0.6333679785930884,0.025310424673070226,960.9431817726521
3,train_probe,resolution_max_b1,trace_covariance,128.0,-26.586823607166295,3.4384159640108316,-7.732288322717473,True,0.7381768077010348,0.028242140269820658,3.9555097836346573
3,train_probe,gaussian_postrelu,trace_ordinary,128.0,-6679.356134422547,550.5801774280719,-12.131486762970397,True,0.5630976622247166,0.023556102852311002,582.5459163918889
3,train_probe,gaussian_postrelu,trace_relative,128.0,-9697.617226261566,874.3666379311802,-11.091019265335747,True,0.6017649884401062,0.02455375251783459,928.9331283405952
3,train_probe,gaussian_postrelu,trace_covariance,128.0,-3.556515464587243,4.5296636773234455,-0.7851610446029338,False,0.9649759502617725,0.04390834951296678,4.707115635897074
3,train_probe,resolution_max_b1_gaussian_conv,trace_ordinary,128.0,-7475.054224131178,509.2031822548514,-14.67990477009624,True,0.5110503767437959,0.020701422895341364,593.8301512446736
3,train_probe,resolution_max_b1_gaussian_conv,trace_relative,128.0,-11425.19917836292,807.1709124050716,-14.154622029577405,True,0.5308214151257606,0.02123866194600568,950.6844335700366
3,train_probe,resolution_max_b1_gaussian_conv,trace_covariance,128.0,-31.888681409646885,3.140843008180904,-10.152905231680458,True,0.6859648791355447,0.0253069724797812,4.064352463100282
3,train_probe,resolution_max_b1,lambda_top1_ordinary,,-1103.4401599017642,,,,0.5543546943726808,,
3,train_probe,resolution_max_b1,lambda_top1_relative,,-1729.1306508734879,,,,0.5606291122524205,,
3,train_probe,resolution_max_b1,quadform_20dir_mean,,-28.16996348392398,4.696055911331806,,,0.726035144867965,,
3,train_probe,gaussian_postrelu,lambda_top1_ordinary,,-1334.0953722386473,,,,0.46120019779757376,,
3,train_probe,gaussian_postrelu,lambda_top1_relative,,-2073.768005155992,,,,0.4730570018247973,,
3,train_probe,gaussian_postrelu,quadform_20dir_mean,,8.55586380792613,8.933984468781444,,,1.0832094081345038,,
3,train_probe,resolution_max_b1_gaussian_conv,lambda_top1_ordinary,,-1446.1055007499892,,,,0.4159627759891848,,
3,train_probe,resolution_max_b1_gaussian_conv,lambda_top1_relative,,-2251.5119185149524,,,,0.4278923978865094,,
3,train_probe,resolution_max_b1_gaussian_conv,quadform_20dir_mean,,-32.04776067737262,5.219121530755546,,,0.6883219207474991,,
4,test_probe,resolution_max_b1,trace_ordinary,128.0,-9638.568062057308,665.7046566307362,-14.478745140284913,True,0.5520399321951877,0.020439488413117653,845.8204315380167
4,test_probe,resolution_max_b1,trace_relative,128.0,-15562.548046334061,1060.972368333003,-14.668193546629206,True,0.5514911912875962,0.020307350590768002,1342.3377859543307
4,test_probe,resolution_max_b1,trace_covariance,128.0,-61.71622164349832,4.286534866481083,-14.397695006774228,True,0.5819396197282507,0.02193918113054263,5.7741165774279155
4,test_probe,gaussian_postrelu,trace_ordinary,128.0,-9265.168875901418,726.8438967363882,-12.747123443566192,True,0.5693939544598756,0.02253935718751408,828.6569425650997
4,test_probe,gaussian_postrelu,trace_relative,128.0,-13805.975277032407,1155.4333711636432,-11.948742023201506,True,0.6021151866532983,0.023329309783995687,1331.7005939578535
4,test_probe,gaussian_postrelu,trace_covariance,128.0,-19.80754322657051,6.272058727872158,-3.1580608674068276,True,0.8658254048444078,0.040696410204475016,7.41964311120414
4,test_probe,resolution_max_b1_gaussian_conv,trace_ordinary,128.0,-11463.193949571483,738.7667566796771,-15.516661850205349,True,0.46723900211649255,0.019152889479943726,790.2898078317007
4,test_probe,resolution_max_b1_gaussian_conv,trace_relative,128.0,-18288.274702491923,1168.6695135703524,-15.648799331318394,True,0.47293641916485357,0.019104089752722563,1257.730815341197
4,test_probe,resolution_max_b1_gaussian_conv,trace_covariance,128.0,-73.62657815349951,4.578780553384749,-16.079953449411963,True,0.5012598885466228,0.01827085889063077,5.061315425434978
4,test_probe,resolution_max_b1,lambda_top1_ordinary,,-1507.1024456393739,,,,0.5410195051243858,,
4,test_probe,resolution_max_b1,lambda_top1_relative,,-2406.0251459486153,,,,0.543181449931068,,
4,test_probe,resolution_max_b1,quadform_20dir_mean,,-61.04910770734601,6.538892123026905,,,0.5793235691997576,,
4,test_probe,gaussian_postrelu,lambda_top1_ordinary,,-1667.485705526955,,,,0.4921755873098031,,
4,test_probe,gaussian_postrelu,lambda_top1_relative,,-2612.5920287883423,,,,0.5039617501411481,,
4,test_probe,gaussian_postrelu,quadform_20dir_mean,,-21.721958438358712,9.25288410609348,,,0.8503185994192608,,
4,test_probe,resolution_max_b1_gaussian_conv,lambda_top1_ordinary,,-2000.5554666336402,,,,0.39074086120795914,,
4,test_probe,resolution_max_b1_gaussian_conv,lambda_top1_relative,,-3177.9020368895967,,,,0.39662949774340583,,
4,test_probe,resolution_max_b1_gaussian_conv,quadform_20dir_mean,,-73.07616402829515,5.4100387625115465,,,0.4964476793442606,,
4,train_probe,resolution_max_b1,trace_ordinary,128.0,-3877.0367776815237,491.97995420553207,-7.8804771302975345,True,0.7260702973834333,0.028449364778815305,619.7388055977264
4,train_probe,resolution_max_b1,trace_relative,128.0,-6242.976066428051,783.5579343655705,-7.967472209292157,True,0.7261655986974498,0.02819315095498111,982.6324792918542
4,train_probe,resolution_max_b1,trace_covariance,128.0,-21.70855088280488,3.187839720492303,-6.809799985631773,True,0.7752540197679092,0.02963450447052928,4.276273781745335
4,train_probe,gaussian_postrelu,trace_ordinary,128.0,-3684.867112386327,522.7252819106617,-7.049337845143872,True,0.7396479295506778,0.03031334219359123,606.5638127698961
4,train_probe,gaussian_postrelu,trace_relative,128.0,-4999.891548511855,835.4003452420889,-5.985024517871066,True,0.780690764437323,0.031343197983996596,981.4307645765113
4,train_probe,gaussian_postrelu,trace_covariance,128.0,10.27587565753185,5.027026314967766,2.044126092385045,True,1.1063848876814888,0.05306529753290258,5.990974872294958
4,train_probe,resolution_max_b1_gaussian_conv,trace_ordinary,128.0,-4976.369995641884,535.5741257864262,-9.291654984890622,True,0.6483975697977853,0.027852454996619126,572.0558205273668
4,train_probe,resolution_max_b1_gaussian_conv,trace_relative,128.0,-7820.562476029623,850.1145690197119,-9.199421773288401,True,0.6569682438814709,0.027841688904417246,912.1023831965886
4,train_probe,resolution_max_b1_gaussian_conv,trace_covariance,128.0,-28.706099765922147,3.2165795580047645,-8.924417769952024,True,0.7028092494353182,0.02608765153393438,3.618424197147397
4,train_probe,resolution_max_b1,lambda_top1_ordinary,,-721.954228933258,,,,0.683047088376667,,
4,train_probe,resolution_max_b1,lambda_top1_relative,,-1154.344839829208,,,,0.684131573657643,,
4,train_probe,resolution_max_b1,quadform_20dir_mean,,-24.306944934668053,5.957841039638193,,,0.7516173826111877,,
4,train_probe,gaussian_postrelu,lambda_top1_ordinary,,-818.6225822567867,,,,0.6406076721092433,,
4,train_probe,gaussian_postrelu,lambda_top1_relative,,-1256.8888175870043,,,,0.6560720166105191,,
4,train_probe,gaussian_postrelu,quadform_20dir_mean,,6.4301470849093505,8.10417815666159,,,1.0657070136719193,,
4,train_probe,resolution_max_b1_gaussian_conv,lambda_top1_ordinary,,-1116.17080955434,,,,0.509977816072983,,
4,train_probe,resolution_max_b1_gaussian_conv,lambda_top1_relative,,-1761.8200287838401,,,,0.5179054812834477,,
4,train_probe,resolution_max_b1_gaussian_conv,quadform_20dir_mean,,-31.054049227885784,5.088069615333664,,,0.682671514315148,,
