objective,method,seed,probe,bn_policy,parameter_subset,n_draws,lambda_top1_ordinary,lambda_top2_ordinary,lambda_min_ordinary,lambda_top1_relative,lambda_min_relative,G,P,loss,grad_norm,trace_ordinary,trace_ordinary_mc_sd,trace_ordinary_mc_sem,trace_ordinary_mc_sem_rel,trace_ordinary_meets_5pct,trace_ordinary_cv,trace_ordinary_cv_mc_sem,trace_relative,trace_relative_mc_sd,trace_relative_mc_sem,trace_relative_mc_sem_rel,trace_relative_meets_5pct,trace_relative_cv,trace_relative_cv_mc_sem,trace_covariance,trace_covariance_mc_sd,trace_covariance_mc_sem,trace_covariance_mc_sem_rel,trace_covariance_meets_5pct,trace_covariance_cv,trace_covariance_cv_mc_sem,mean_eigenvalue_ordinary,lambda_top1_over_mean_eigenvalue,top2_share_of_trace_signed,r_units_extreme_top1,r_units_isotropic_relative_mean,quadform_20dir_mean,quadform_20dir_sem,trHC_minus_quadform_z,covariance_trace_over_extreme_r_units
plain_s0_test_centre_frozen,plain,0,test_probe,centre_frozen,"conv+fc weights (268,336; 698 blocks)",128,3009.1041378720984,2117.879575860623,-9.381808011576007,4816.541365101975,-14.768652307041462,698,268336,0.7570303976535797,6.644235959695446,19852.39256346113,6962.368331765423,615.3922325637251,0.03099839128188364,True,20015.81391720203,420.476128985815,31904.377253807343,11216.516999359235,991.4094039426376,0.031074400733658785,True,32123.953236989837,680.8821333242946,141.48077130618617,51.490984513008826,4.551203039890004,0.03216835049648196,True,140.4598657412091,3.0799480604727396,0.07398333642694654,40672.72825473858,0.2582552051267148,3361945.872841179,82.99018887945533,131.23057377542355,6.01707387009936,1.3586419713852402,4.208300093380767e-05
resolution_s0_test_centre_frozen,resolution_max_b1,0,test_probe,centre_frozen,"conv+fc weights (268,336; 698 blocks)",128,1650.5891883900645,1203.4820951717988,-4.639215390907316,2609.08408979299,-7.352810091699587,698,268336,0.5604128837585449,3.715501391936384,11218.659704906231,4156.163758660101,367.35644718379086,0.03274512792496377,True,11002.147477124461,271.0830885741357,17909.176800504163,6605.050473422475,583.809497479556,0.032598343518677034,True,17566.324936012214,432.93561747249873,81.01831308573705,27.19202608797787,2.403458255126332,0.029665617112798803,True,79.59034075486028,1.8123366289917076,0.04180825422196884,39479.983536904896,0.25440394473447653,1821140.6946755073,46.58564414298456,78.65962413868925,4.783587013829462,0.4405931685669647,4.44876737544833e-05
gaussian_s0_test_centre_frozen,gaussian_postrelu,0,test_probe,centre_frozen,"conv+fc weights (268,336; 698 blocks)",128,1356.2467165930718,1329.341934629106,-5.570887211864414,2213.269249994601,-8.960242749758308,698,268336,0.5683609247207642,4.061439571276408,11212.224074982276,3674.100693151116,324.74768936116857,0.028963717384651175,True,11906.60326812935,282.0552064962544,18935.86423162024,5989.91060216226,529.4383006862663,0.027959553058168773,True,20048.675858598857,462.5492298197579,115.35691685213064,48.31309067529698,4.270314254572882,0.03701827658974928,True,119.72577408298127,3.981649114419867,0.04178427074631162,32458.307692561328,0.23952327685053182,1544861.9364962315,49.25628031151588,112.54711593348236,7.149110775701887,0.3374168908827784,7.467134384433197e-05
combined_s0_test_centre_frozen,resolution_max_b1_gaussian_conv,0,test_probe,centre_frozen,"conv+fc weights (268,336; 698 blocks)",128,1315.2820907412558,1043.7842067727806,-5.013121163070165,2114.1234673230347,-8.018412061985035,698,268336,0.5280258059501648,3.693139417812584,9793.153184804443,3396.0397547953808,300.1703424743642,0.030651041274440988,True,9777.929922081446,244.5297528141398,15900.521087516667,5396.079580724735,476.9505579190903,0.02999590738529564,True,15897.050262418188,388.7915948526325,72.89717048311176,24.80162219339126,2.1921744046717166,0.030072146698472777,True,71.94276568495087,1.6897066139385248,0.036495860357180714,36039.21315647155,0.24088934922150348,1475658.1801914782,41.360695989679485,64.3809999094041,4.164941023968661,1.8093989258387542,4.9399767142315295e-05
plain_s1_test_centre_frozen,plain,1,test_probe,centre_frozen,"conv+fc weights (268,336; 698 blocks)",128,2848.838422313595,2657.0941026204696,-9.470851522343036,4592.718360179871,-15.080122010888577,698,268336,0.7145313024520874,6.089825662874684,21301.259026926386,7977.597146361077,705.1266299707959,0.033102579949826585,True,21012.756970368668,550.4049939926502,34345.33608854285,12501.82346270396,1105.0155184593818,0.032173670265174675,True,33891.86302763028,850.8731444394074,156.90557640515658,51.51199202022579,4.553059858741122,0.029017833292198335,True,157.19906170364806,3.1819037229244533,0.07938278511614687,35887.357922065734,0.25847920622786447,3205717.4154055496,89.33965099652268,159.112799651467,10.823565597257558,-0.18797311574823,4.894554200289882e-05
resolution_s1_test_centre_frozen,resolution_max_b1,1,test_probe,centre_frozen,"conv+fc weights (268,336; 698 blocks)",128,1596.0470627416648,1525.8573655874206,-5.9373829702490735,2542.2097290468078,-9.360791572304135,698,268336,0.5631025433540344,3.8627505042761983,11899.329263700423,4551.875232589114,402.3327305098569,0.03381137891000257,True,12158.0133345446,310.90224733673335,19038.691823122448,7296.815109607908,644.9534306335265,0.033875932055911114,True,19505.73212956161,495.56679184598886,88.11466372616742,31.640871463176016,2.7966843467829596,0.0317391479297268,True,89.9039160896275,2.213923738461389,0.04434488575405619,35991.68281983172,0.2623596976892329,1774462.3908746717,49.52375712740545,89.97356341917514,6.922085956911712,-0.24899192466403622,4.965710413435912e-05
gaussian_s1_test_centre_frozen,gaussian_postrelu,1,test_probe,centre_frozen,"conv+fc weights (268,336; 698 blocks)",128,1556.602405435508,1300.2302207725093,-4.341565825977381,2569.418105204261,-6.997564843835267,698,268336,0.5690420717000961,3.137859069110112,11804.481325786724,4296.664831857424,379.7751048865177,0.032172112810827554,True,11440.756698424735,244.74849890462744,19695.91923597513,7013.25217826034,619.8897716774014,0.031473005359666385,True,19202.480302730328,406.828480215049,109.36721547833196,42.00741117154178,3.7129656624360905,0.033949530910126445,True,109.11401838538578,3.0108098672351007,0.043991418690696456,35384.22837371932,0.2420125499260443,1793453.837432574,51.23334784266979,118.173053488735,7.207023332138433,-1.0861699867534886,6.0981338463050174e-05
combined_s1_test_centre_frozen,resolution_max_b1_gaussian_conv,1,test_probe,centre_frozen,"conv+fc weights (268,336; 698 blocks)",128,1270.1529473483508,1023.0535714488454,-3.2328466603834314,2033.2295051175663,-5.145782739562694,698,268336,0.5520675480365753,2.628073483061112,9739.124563642701,3415.0361668630953,301.84940394827606,0.03099348426809484,True,9930.421959773968,241.82432164116622,15854.374392667782,5504.2191767979975,486.5088381313625,0.030686094959152702,True,16174.171505428665,389.77198785246827,73.86327835446806,24.447933874676327,2.160912478597992,0.029255572278119393,True,73.76573062836749,1.6621051253933166,0.03629451345940426,34995.72872822853,0.23546331128754694,1419194.1945720613,41.24065845090525,81.26891388330077,6.841343515921225,-1.0322155181293016,5.20459276376483e-05
plain_s2_test_centre_frozen,plain,2,test_probe,centre_frozen,"conv+fc weights (268,336; 698 blocks)",128,3468.8872617381858,2766.6733564379124,-8.952989648597873,5623.393450528515,-14.160273441436791,698,268336,0.7352325618267059,6.147846125842796,21162.151740710276,7845.59412577814,693.4591010968832,0.032768837006439885,True,21700.768040577957,556.3214219428871,34355.151017328244,12598.780939205883,1113.5854295995373,0.032413929108850686,True,35273.57284990268,888.2141064127113,150.80984152123625,52.79111099834221,4.666119071662438,0.030940414926471357,True,154.04010064469932,3.4338358222648018,0.07886437802125051,43985.4766977744,0.2946562662709085,3925128.6284689037,89.36518175010104,152.28112282801442,8.96553430518837,-0.1455690842313346,3.8421630421845176e-05
resolution_s2_test_centre_frozen,resolution_max_b1,2,test_probe,centre_frozen,"conv+fc weights (268,336; 698 blocks)",128,1619.8203928454022,1231.7231108800408,-5.068611462563025,2577.4548640158728,-8.022663251517574,698,268336,0.5525311231613159,3.615064016342779,11123.972222713477,4146.381792107775,366.4918353234797,0.03294613003214432,True,10973.720870769477,221.18775123999598,18028.57475464244,6578.605326580965,581.4720546469177,0.032252802152160476,True,17747.117517330647,351.38163800892215,83.47191004709796,28.851316894271395,2.550120227762663,0.030550639446537048,True,82.04312487022827,1.6528587308100688,0.04145538512429744,39073.823291922774,0.2563421992283494,1799063.4950830792,46.89622405767554,79.8002849697859,6.5707659857354725,0.5209258767687485,4.6397423034390066e-05
gaussian_s2_test_centre_frozen,gaussian_postrelu,2,test_probe,centre_frozen,"conv+fc weights (268,336; 698 blocks)",128,1449.2722435605874,1059.9235377420437,-4.81201568846076,2378.5781042673448,-7.764737145770668,698,268336,0.5980935990810394,3.519500270418104,11980.266775490505,4177.991526239568,369.28576749299145,0.030824502860694592,True,11676.680081614388,262.7569968315673,20168.06074963889,6762.100161182974,597.6908598793908,0.029635514653539134,True,19728.478787606284,436.33100360579607,111.37311897263876,37.729923841744956,3.3348856252687313,0.02994336206107345,True,109.79097920604488,3.00553628290676,0.044646513235236815,32461.03981120666,0.2094440656727277,1660247.5167786067,52.46149008425238,107.12404281217195,6.191811904884741,0.6041815701514602,6.708223794771098e-05
combined_s2_test_centre_frozen,resolution_max_b1_gaussian_conv,2,test_probe,centre_frozen,"conv+fc weights (268,336; 698 blocks)",128,1322.5836227898296,1175.405251290246,-4.235448196570314,2148.843265270672,-6.846196706949457,698,268336,0.5407951027154922,3.1795988695754085,9978.680436540326,3211.6215592381704,283.86992289277794,0.028447641418928683,True,10078.435788498917,199.34680918833686,16387.129913990302,5232.22656872167,462.4678609309393,0.028221406882001546,True,16567.21749897344,325.881747799632,76.77340585609647,24.454859286730027,2.1615246043262024,0.028154600935351867,True,78.53585234187881,1.7544397625543042,0.037187259393224634,35565.504002448724,0.2503325855523784,1499892.599158929,42.626470842396216,77.17669528915538,4.592795186840895,-0.07944996502548689,5.1185935512414346e-05
plain_s3_test_centre_frozen,plain,3,test_probe,centre_frozen,"conv+fc weights (268,336; 698 blocks)",128,3539.047014743923,3225.841589842531,-10.546056155165742,5670.13194535396,-16.628678581382342,698,268336,0.761147528886795,7.372191152821192,23206.26979819703,9017.347276369039,797.0284259293239,0.03434539169200074,True,22625.737569857778,479.83461478183284,37013.36317845481,14375.883244845336,1270.6605659970255,0.03432977867670958,True,36311.73972928212,765.0410098323553,154.7981288301588,55.148242689714365,4.874462047052309,0.03148915354397123,True,156.32227207838957,3.1883767540299592,0.08648213358698434,40922.29074325883,0.29151124516840876,3957752.097857064,96.27976677956539,155.97321969496664,11.939327066110945,-0.09112026955339513,3.911263894319572e-05
resolution_s3_test_centre_frozen,resolution_max_b1,3,test_probe,centre_frozen,"conv+fc weights (268,336; 698 blocks)",128,1677.6904570011932,1190.2367663811658,-4.504331822629847,2678.054356552542,-7.127204766024397,698,268336,0.5726373195648193,3.2620633199296103,11405.771123703915,3985.7207941348256,352.2912751811208,0.030887107181116008,True,11433.351799147964,273.4516774296724,18312.02988124417,6319.897818242503,558.6053254606675,0.03050482819672607,True,18373.628795425837,431.53084614974654,88.13167813013024,30.764303430333772,2.719205946758697,0.030853899579032996,True,89.21109877096899,2.0542100910127066,0.042505556927523384,39469.90883713954,0.2514452720712694,1869281.9408736741,47.6335521775253,88.57944806149241,5.2258905724786295,-0.0760090100389637,4.714734369548278e-05
gaussian_s3_test_centre_frozen,gaussian_postrelu,3,test_probe,centre_frozen,"conv+fc weights (268,336; 698 blocks)",128,1431.2875810921907,1088.8777068266174,-6.24825696617747,2336.894042201622,-10.102822264092866,698,268336,0.5582676231861115,4.368155570886236,10704.256460790064,3489.5521950842617,308.43575255606044,0.028814308932700525,True,10940.212118190104,230.2996730864337,18205.331240311203,5653.115609780394,499.66954781340513,0.02744633103445053,True,18608.19447188845,380.59770781569495,121.5617959356102,48.92617592995569,4.324503847199713,0.03557453074722876,True,123.90818478991373,3.2795201137819987,0.03989124254960223,35879.74426498436,0.23543580977812248,1631152.0414567322,47.356005924427656,138.3088418795758,10.384908017105346,-1.488713658040237,7.452511651032057e-05
combined_s3_test_centre_frozen,resolution_max_b1_gaussian_conv,3,test_probe,centre_frozen,"conv+fc weights (268,336; 698 blocks)",128,1150.7266317348092,978.1335614877624,-4.886732378160389,1877.2710196360456,-7.851156264406258,698,268336,0.5367680490016937,3.472546075106538,8747.329583688645,3552.1918698255367,313.97236990366986,0.03589351091665068,True,8783.416524644155,211.75377434610277,14479.494902599752,5849.920234790735,517.064783427616,0.03571013953910633,True,14515.021651613526,342.9235351270242,77.9114110951125,31.967322120518258,2.825538780974148,0.03626604551578194,True,77.97894634994947,1.7746875467202896,0.03259841983069228,35300.07398246247,0.24337258278141347,1310335.1717059598,37.664299393352465,79.61458187735434,5.727878753792465,-0.26666700982761504,5.945914661946957e-05
plain_s4_test_centre_frozen,plain,4,test_probe,centre_frozen,"conv+fc weights (268,336; 698 blocks)",128,3283.587129443933,2603.033997191556,-9.483177754583272,5266.916471727245,-15.040773098311089,698,268336,0.736142098903656,5.780242061666371,21516.578719371653,8272.443556272716,731.1876169529245,0.03398252233728157,True,20667.741147223147,446.5598361984044,34698.422291886796,13096.50171127934,1157.5781462333555,0.03336111758902713,True,33422.07796515785,698.0106483421409,147.6251387500085,52.31631809976867,4.624152911882367,0.031323614331790775,True,144.4436392019794,3.0430984061636077,0.08018521077817234,40950.034271628756,0.2735853689107037,3676307.697265617,90.25810461412924,145.1212933208875,11.541531655123883,0.20138038980182524,4.015581689742941e-05
resolution_s4_test_centre_frozen,resolution_max_b1,4,test_probe,centre_frozen,"conv+fc weights (268,336; 698 blocks)",128,1776.4846838045592,1374.8993686491194,-3.427039891761939,2860.89132577863,-5.460769814192195,698,268336,0.5623948574066162,2.8964003288557403,11878.010657314346,4810.347130550777,425.17863448421315,0.035795441404356115,True,11539.780618868146,263.223627318025,19135.87424555273,7689.024422601123,679.6201637412789,0.03551550114828048,True,18595.219792232863,417.3912911897675,85.90891710651019,39.12258821255291,3.4579809278331317,0.040251711280982795,True,84.67541253348355,2.0295673376612777,0.04426543832103909,40132.544738864744,0.2653124452715566,1996902.1453934836,49.77654963700662,84.07218561354149,6.538892123026905,0.24830959040666517,4.302109510207477e-05
gaussian_s4_test_centre_frozen,gaussian_postrelu,4,test_probe,centre_frozen,"conv+fc weights (268,336; 698 blocks)",128,1616.101423916978,1218.9846744320723,-4.4918211609597565,2654.324442938903,-7.254235484003366,698,268336,0.5919629335403442,3.743270383412808,12251.409843470232,4411.432380909111,389.9192189108436,0.03182647743342478,True,12131.132010401961,254.14753032313877,20892.447014854384,7448.505308836324,658.3610766977705,0.03151191797828566,True,20725.90268461776,446.89850989287834,127.81759552343799,65.64711843928578,5.802440326721927,0.04539625630539991,True,128.6608099276808,5.431880312094762,0.04565697425418219,35396.594941219584,0.23140896717777318,1852718.4611713542,54.345775506709344,123.39933488252879,9.25288410609348,0.40453854766231545,6.898921676563161e-05
combined_s4_test_centre_frozen,resolution_max_b1_gaussian_conv,4,test_probe,centre_frozen,"conv+fc weights (268,336; 698 blocks)",128,1283.0316628102928,931.1603146600098,-4.605468709151888,2089.0144348376484,-7.383006545442719,698,268336,0.4987561851739883,3.4452738578879005,10053.38476980017,3392.6536950746035,299.87105425060616,0.029827870027555572,True,9802.417217657752,224.05479743120247,16410.147589394874,5564.454494412542,491.83293832538374,0.02997126842681371,True,16008.046138923448,363.8988535450623,73.998560596509,23.280202564825597,2.0576986376230795,0.027807279236728218,True,72.71291894130421,1.666711091534228,0.03746565786849387,34245.539403412884,0.22024343324863255,1458132.0755166786,42.68634479681303,72.04512929259235,5.4100387625115465,0.33748821162808007,5.074887373991011e-05
plain_s0_train_centre_frozen,plain,0,train_probe,centre_frozen,"conv+fc weights (268,336; 698 blocks)",128,2390.4589733988887,1685.78042525928,-3.5833394743178304,3825.841057441776,-5.631889274175698,698,268336,0.2221803069114685,2.810781554986,14810.582129849394,5360.71428725344,473.8246780650646,0.031992306170742175,True,14946.90088857801,311.7437297682953,23803.176381507852,8643.124180937799,763.9514648723177,0.032094517665542076,True,23973.38345579608,502.80244229803145,105.03167701544538,39.933199810985975,3.5296295476031925,0.03360538123259847,True,103.90616908736342,2.318639972451982,0.05519416749839527,43309.992373168585,0.27522479284881557,2670437.0580943595,61.91721242879256,97.23902284976374,4.457919201420537,1.3704829243643792,3.933126852665707e-05
resolution_s0_train_centre_frozen,resolution_max_b1,0,train_probe,centre_frozen,"conv+fc weights (268,336; 698 blocks)",128,1528.6884656250706,1070.13490019422,-2.702532921982537,2416.9778312233066,-4.351977943733867,698,268336,0.3181024044752121,2.30833264186602,10175.119417444268,3728.44085042509,329.5507260735649,0.03238789763082109,True,9882.568769145797,224.25946449662823,16239.258158315137,5921.381052571867,523.381087032888,0.0322293716825295,True,15779.537422331197,357.28129480300714,73.38209910046507,24.855955140575375,2.196976804096184,0.029938865622914028,True,71.24652129278658,1.5427268523948063,0.037919322854347785,40314.234288859225,0.2554096182265789,1687050.526193868,42.24182440859208,67.74072451255648,3.790587278687089,1.2876206996643127,4.349727406565673e-05
gaussian_s0_train_centre_frozen,gaussian_postrelu,0,train_probe,centre_frozen,"conv+fc weights (268,336; 698 blocks)",128,1319.860435756021,1156.017310620918,-2.909103855047335,2153.8686701872034,-4.6918248278655,698,268336,0.2824344933032989,2.5144684469640457,10189.115948994577,3448.442891986305,304.8021691822581,0.0299144862722202,True,10749.10059120485,243.08098268318327,17176.41860547511,5599.760851926713,494.9536089275421,0.028815879508768606,True,18060.843632315005,396.86082441910895,102.45975227943806,40.86066694747022,3.6116068352951523,0.03524902954523286,True,105.65692025396085,3.412552218979671,0.03797148332312689,34759.254057166305,0.24299240079030104,1503400.331790668,44.67958151951892,102.89982845744264,7.076610231528357,-0.05539072946943123,6.815200855875857e-05
combined_s0_train_centre_frozen,resolution_max_b1_gaussian_conv,0,train_probe,centre_frozen,"conv+fc weights (268,336; 698 blocks)",128,1219.0239036425764,922.6323459595832,-2.9483404174699115,1959.8753284798336,-4.720962740032198,698,268336,0.3066259175539017,2.193346602946737,8775.593352655735,3138.900977753286,277.4422708553041,0.031615215029459236,True,8732.592858407079,220.3067419119016,14240.310565799915,4981.39380289727,440.29716722366294,0.03091907056304641,True,14196.459509919188,350.61843792197254,65.1639849327758,23.138204136328646,2.0451476311595758,0.031384631146627734,True,64.44204441554282,1.5757529900321374,0.032703749599963236,37274.74428938102,0.24404688817469372,1367992.979278924,37.042129177331184,57.03817356956512,3.725124662196363,1.912131217074742,4.763473637644257e-05
plain_s1_train_centre_frozen,plain,1,train_probe,centre_frozen,"conv+fc weights (268,336; 698 blocks)",128,2117.175452989193,1942.2836178198856,-3.946751986251483,3396.060340679414,-6.2268962261844205,698,268336,0.1990513578057289,2.884039331723026,15819.791444102248,6154.562323024109,543.9915942306973,0.034386774070495216,True,15655.39523064042,424.6261728852422,25458.954162018657,9592.45860627624,847.8615660936483,0.033303079171985155,True,25213.639051231286,655.0378737388786,114.4290269305337,36.65679933137143,3.240033922975905,0.028314790485309542,True,115.46269019889972,2.3441318009587055,0.05895515862240716,35911.62338395466,0.2566063582540135,2370450.117794231,66.22424872208359,119.68957128521129,7.564638591032751,-0.6392447293271907,4.8273121662232253e-05
resolution_s1_train_centre_frozen,resolution_max_b1,1,train_probe,centre_frozen,"conv+fc weights (268,336; 698 blocks)",128,1433.3969499007662,1312.5854252136992,-3.5484317308149427,2284.2534891619985,-5.603932034839177,698,268336,0.3049263656139374,2.5404907114490407,10095.956889080626,3783.1088755513515,334.3827424836719,0.03312046061184419,True,10339.180453478675,252.7175667455927,16126.897715640915,6034.35042284443,533.3662630061508,0.03307308525240149,True,16568.501413328282,400.35776105666105,73.36755375319402,24.730931706275687,2.1859261893211164,0.029794181180886833,True,75.31782834802496,1.6554964047012224,0.03762431015249771,38097.62741405664,0.27198832218513214,1594408.9354350748,41.949550584034036,73.73253213654984,5.617801243737245,-0.0605461938869741,4.6015518429827306e-05
gaussian_s1_train_centre_frozen,gaussian_postrelu,1,train_probe,centre_frozen,"conv+fc weights (268,336; 698 blocks)",128,1285.77228657031,1064.328123847174,-3.014678241936512,2125.407143635166,-4.853730897709488,698,268336,0.2910343259572983,2.504399406512799,9808.275554531308,3688.1452247817747,325.98906230549704,0.03323612397440179,True,9423.876594690077,203.88390602123047,16420.732842302794,6051.56249379809,534.8876095173505,0.032573918268701305,True,15854.669021978501,337.82559437264115,93.35445405491902,37.67830467194822,3.33032309214342,0.03567396034670441,True,91.32073961818293,2.6949861986408306,0.036552216454487314,35176.31518108563,0.23960383222836404,1483534.1862573458,42.713879330121,103.99575496176733,6.715557880069773,-1.4196003527788643,6.292706627168011e-05
combined_s1_train_centre_frozen,resolution_max_b1_gaussian_conv,1,train_probe,centre_frozen,"conv+fc weights (268,336; 698 blocks)",128,1113.7207253895322,928.8763031011574,-2.2160420928529367,1783.8783597064478,-3.515854958950132,698,268336,0.2950891405344009,1.8791869029608768,8295.828036408931,2942.714555621159,260.1016771720099,0.031353311089678974,True,8393.613285864243,207.90905178216175,13488.412105281262,4709.9404027200535,416.30384971848105,0.030863814544595736,True,13667.089175050867,334.60165937359125,62.300151173445165,20.54711385734861,1.81612544279291,0.029151220479975593,True,62.003027016352824,1.466006074868528,0.030915822090248537,36024.29597823381,0.24621978897417957,1245147.0950751007,35.086278581652564,68.83369602363285,6.06545163540545,-1.031909473869329,5.003437057345225e-05
plain_s2_train_centre_frozen,plain,2,train_probe,centre_frozen,"conv+fc weights (268,336; 698 blocks)",128,2510.258988969921,2011.4329565171472,-3.26126710559622,4063.332358243587,-5.1963154311524695,698,268336,0.1944174468517303,2.487161956485978,14810.637452399167,5400.519795772022,477.34302119032316,0.03222974181391488,True,15242.754615723607,386.28542004652724,24046.627496025234,8656.087861454453,765.0973031726254,0.03181723937375798,True,24794.472691176466,617.9164063454477,105.70845700946298,36.93967867264833,3.2650371605352144,0.03088718966206204,True,108.39253351589537,2.5139409297138076,0.055194373667339335,45480.341965640226,0.305300292443159,2836205.9860540237,62.550481456925695,109.29563743725173,7.245653896859677,-0.45136956338067336,3.727107887411724e-05
resolution_s2_train_centre_frozen,resolution_max_b1,2,train_probe,centre_frozen,"conv+fc weights (268,336; 698 blocks)",128,1298.7747593366207,1072.2586143296442,-3.143682834719099,2077.548370301266,-4.999981554833503,698,268336,0.2894099503755569,2.3372362301252707,9673.16678746213,3549.4606562336708,313.7309624472102,0.03243311826834749,True,9481.982323626908,194.56538220532903,15666.573840415826,5639.368446779894,498.4544587909388,0.03181643056537681,True,15319.47527695588,307.7978422902228,71.06623593819067,23.804693902120228,2.1040575602824085,0.029606993145273614,True,69.98328331109562,1.4151201199416672,0.03604871052509589,36028.32779365181,0.24511449308818686,1450128.7624702838,40.75214857719518,69.98927662750128,5.750053705396448,0.17588976011194446,4.9006845307398675e-05
gaussian_s2_train_centre_frozen,gaussian_postrelu,2,train_probe,centre_frozen,"conv+fc weights (268,336; 698 blocks)",128,1166.6761106844774,1032.628640752123,-3.296360556037836,1911.1260318214088,-5.3984296735446256,698,268336,0.2518327832221985,2.6103647768229403,10146.266954581115,3726.202022656031,329.3528397863886,0.03246049421533142,True,9751.739240676872,203.30295851832807,17070.165954280612,6043.071701970455,534.13712245748,0.03129068129085979,True,16457.087214574538,342.95149873307855,94.68714292185778,34.00074415576906,3.0052695947416472,0.031738940493978136,True,92.52739857019426,2.6709009350526314,0.03781179921658337,30854.8160853663,0.21675999274231572,1333965.9702113434,44.4031953822367,87.32858688171645,4.46463929428158,1.3672831569615174,7.098167797103271e-05
combined_s2_train_centre_frozen,resolution_max_b1_gaussian_conv,2,train_probe,centre_frozen,"conv+fc weights (268,336; 698 blocks)",128,1152.9011684792956,950.9020101176404,-3.019436067818948,1871.1465656690173,-4.835150184802208,698,268336,0.2925716638565063,2.3139718723635463,8612.626357403984,2791.4212360307965,246.7291106431888,0.02864737194027744,True,8704.89625012708,172.5532571822768,14150.438568788344,4573.815202618569,404.2719682082141,0.028569571624438392,True,14309.238566591397,282.17906344034066,66.32754406194282,21.545571992120138,1.9043775075213876,0.028711714483848568,True,67.61713631392408,1.4799180838189856,0.03209642521839777,35919.924435025525,0.24426964450726085,1306060.3028369742,36.80835266611361,68.23469808764722,4.381867027734811,-0.39916957086132454,5.0784442278713063e-05
plain_s3_train_centre_frozen,plain,3,train_probe,centre_frozen,"conv+fc weights (268,336; 698 blocks)",128,2476.050226420517,2123.334482952679,-6.6004607894777685,3935.469324646928,-10.30958165186809,698,268336,0.1770452857017517,3.899627744365763,15287.984423324391,5956.135173262291,526.4529463346847,0.03443573277923362,True,14862.485035522417,289.7641245137,24351.49332620409,9462.324975259715,836.3592694746218,0.034345296950418824,True,23840.466341305626,462.1204167901507,101.54495243037093,35.966251802213584,3.1789975679010136,0.031306308110989986,True,101.99432091047808,1.9748149743266048,0.05697328879958109,43459.84370203187,0.3008496464946721,2746957.5886035557,63.34350344974381,102.82327443185264,8.338030160923394,-0.14325350385006716,3.69663342643715e-05
resolution_s3_train_centre_frozen,resolution_max_b1,3,train_probe,centre_frozen,"conv+fc weights (268,336; 698 blocks)",128,1372.6100665187528,1020.5077113448266,-2.5375141092049778,2206.33867377344,-4.013709712700649,698,268336,0.2843556255102157,2.1132299401279884,9609.67645809002,3389.9404343358633,299.63123361716987,0.031180158346009845,True,9596.588839893206,226.92563741531217,15423.456103740968,5353.607781933679,473.19654580229695,0.030680318510941454,True,15447.088894586212,362.61245998010435,74.95812882320465,26.62938433946124,2.3537272806569867,0.03140056078785611,True,75.55071532649156,1.7154263445248612,0.035812102953349606,38328.10567720008,0.24903208638714416,1540024.394293861,40.11974673696856,74.65331094792866,4.696055911331806,0.0580284782492944,4.867333861784364e-05
gaussian_s3_train_centre_frozen,gaussian_postrelu,3,train_probe,centre_frozen,"conv+fc weights (268,336; 698 blocks)",128,1141.9548541818697,966.6651240559364,-3.666691415379243,1861.7013194909357,-5.899383885738257,698,268336,0.2561737596988678,2.517048171921544,8608.628288901846,2821.790410369024,249.41339178238843,0.028972489392291405,True,8950.635372490236,181.97912453867605,14653.876099942527,4573.592783517433,404.2523089513793,0.027586715364200792,True,15227.83308494189,300.23478188267205,97.98843696578368,39.27488695518075,3.4714423620429224,0.03542706128943669,True,100.78873030007566,2.708342424766924,0.032081525732297736,35595.40352634223,0.2449426212252906,1299467.521004673,38.11790262119091,111.37913823977877,8.933984468781444,-1.3970874031561995,7.540660723095618e-05
combined_s3_train_centre_frozen,resolution_max_b1_gaussian_conv,3,train_probe,centre_frozen,"conv+fc weights (268,336; 698 blocks)",128,1029.9447256705278,931.8520554671354,-2.2272364192399863,1683.9574061319756,-3.539092353454582,698,268336,0.3031758219003677,1.913380956539196,7812.930199193213,3108.3174885005883,274.73904677493806,0.035164661627632154,True,8022.065997823925,213.0779074793982,12926.29414784117,5113.79704997383,452.0000714560322,0.034967490781688655,True,13243.430040286312,351.9343935547204,69.65627102072403,28.65057996221651,2.532377422026339,0.036355340085215154,True,71.01443859921233,1.9315574108810332,0.029116220705359002,35373.5718688573,0.2510961612507743,1175402.269480119,33.62408814021651,70.77551375448002,5.219121530755546,-0.19293800298093336,5.926164414463232e-05
plain_s4_train_centre_frozen,plain,4,train_probe,centre_frozen,"conv+fc weights (268,336; 698 blocks)",128,2277.7964879250862,1774.3848407898329,-4.056018883857836,3654.511637000592,-6.448671070844548,698,268336,0.1645722910761833,2.812873864039472,14153.400455110219,5671.534243489679,501.29754041290846,0.035418876333136624,True,13779.332429839427,283.8641292947998,22798.36294027353,8969.660482306268,792.8134689974701,0.034775017446404335,True,22246.744865549717,438.15467173248123,96.59149792306351,34.891018477762486,3.0839594710163727,0.031927856357220896,True,95.39477921365587,1.8184014077959485,0.052745067583590044,43185.014111798206,0.28630443557130053,2550849.122626413,59.30347524115633,97.86089377026951,7.206640281410157,-0.16193793741022108,3.786640968541906e-05
resolution_s4_train_centre_frozen,resolution_max_b1,4,train_probe,centre_frozen,"conv+fc weights (268,336; 698 blocks)",128,1555.8422589918282,1156.1962971484477,-2.818119051938418,2500.166797171384,-4.458440129542384,698,268336,0.3020180910825729,2.144869423947245,10276.363677428697,4122.55397561719,364.38573399580946,0.0354586257779254,True,9977.49264365233,214.11758786771404,16555.38687384548,6567.930744925539,580.5285460125576,0.035065839924869883,True,16068.371865299527,341.96468372262797,74.88294704025864,33.51553466691353,2.9623827297584215,0.03956017820940971,True,74.31227471400081,1.9123854502207893,0.038296626905926515,40626.09124332715,0.26391033261085106,1745116.4244256262,43.064143603333676,73.55394883560146,5.957841039638193,0.19973854276660807,4.2910000726687916e-05
gaussian_s4_train_centre_frozen,gaussian_postrelu,4,train_probe,centre_frozen,"conv+fc weights (268,336; 698 blocks)",128,1459.1739056682995,1144.203618705062,-2.466143305791592,2397.622819413588,-4.013019571724199,698,268336,0.2627574130892753,2.066454196707556,10468.533342723895,3863.6013862786117,341.49734250491895,0.03262131679050104,True,10329.469843513985,224.4934716949916,17798.47139176168,6544.891372381933,578.4921339425742,0.03250234928659879,True,17593.795935215887,384.40217112997385,106.86737358059538,58.10993597832081,5.136241223073347,0.048061827019635565,True,107.05270893009316,4.287423058488688,0.03901278003221295,37402.459000959585,0.2486859848598397,1673540.7279506843,46.29767541980819,104.29104085517886,8.10417815666159,0.2685156384913035,6.385704978417743e-05
combined_s4_train_centre_frozen,resolution_max_b1_gaussian_conv,4,train_probe,centre_frozen,"conv+fc weights (268,336; 698 blocks)",128,1161.6256783707463,885.1097530075205,-2.3563951373420564,1892.691608216752,-3.7749124899309305,698,268336,0.295181006193161,1.919178644842911,9177.030459468335,3117.9200815971117,275.5878041118789,0.030030172105132674,True,8930.425662877346,196.86896411174652,14977.800464243908,5102.188528814283,450.9740134520992,0.030109495351383343,True,14581.162486145495,317.6049076027022,67.88539815714137,21.413080567930095,1.8926668094596573,0.02788032273271058,True,66.46489499237525,1.4809849697260666,0.034199773640019734,33965.88792071537,0.22302807432294858,1321098.7425352929,38.96049998525076,66.80684454238373,5.088069615333664,0.1986767076776758,5.138555958872834e-05
