method,seed,split,amplitude,S_centre_frozen,S_pointwise,S_saved,ratio_pointwise_over_centre_frozen,ratio_saved_over_centre_frozen,delta_vs_plain_centre_frozen,relchange_vs_plain_centre_frozen,delta_vs_plain_pointwise,relchange_vs_plain_pointwise,delta_vs_plain_saved,relchange_vs_plain_saved,delta_sign_differs_cf_vs_pw
plain,0,test_probe,0.005,0.0010359008789062,0.0001626983642578,0.00102818069458,0.15705978011100058,0.9925473715840923,0.0,0.0,0.0,0.0,0.0,0.0,False
plain,0,test_probe,0.01,0.004364289855957,0.0006327911376953,0.0043024307250976,0.14499292177662698,0.9858260718464963,0.0,0.0,0.0,0.0,0.0,0.0,False
plain,0,test_probe,0.02,0.0187836654663086,0.0029808158874511,0.0181219261169433,0.1586919173362437,0.9647704889893703,0.0,0.0,0.0,0.0,0.0,0.0,False
plain,0,test_probe,0.025,0.0299410629272461,0.0049569831848144,0.0289611083984374,0.16555802300203543,0.9672705497734033,0.0,0.0,0.0,0.0,0.0,0.0,False
plain,0,test_probe,0.05,0.1279012756347656,0.021817236328125,0.1239748176574706,0.17057872347126712,0.9693008693008865,0.0,0.0,0.0,0.0,0.0,0.0,False
plain,0,test_probe,0.1,0.5893791793823243,0.0909640235900879,0.5734753532409668,0.15433871227928203,0.9730159688402551,0.0,0.0,0.0,0.0,0.0,0.0,False
plain,0,test_probe,0.2,3.006834379577637,0.382791194152832,2.938939015197754,0.1273070431656438,0.9774196527613803,0.0,0.0,0.0,0.0,0.0,0.0,False
plain,0,test_probe,0.25,4.945696209716798,0.6163014587402345,4.845928305053711,0.12461369089540689,0.9798273285635554,0.0,0.0,0.0,0.0,0.0,0.0,False
plain,0,test_probe,0.35,9.986532415771483,1.2211476867675777,9.829694747924805,0.12227944955538815,0.9842950824853891,0.0,0.0,0.0,0.0,0.0,0.0,False
plain,0,test_probe,0.5,21.85129454956055,2.220445587158203,21.570463598632816,0.10161620320123589,0.9871480863391967,0.0,0.0,0.0,0.0,0.0,0.0,False
plain,0,train_probe,0.005,0.0015583850860595,0.000535580253601,0.0014294296264648,0.34367644967346106,0.9172505815486376,0.0,0.0,0.0,0.0,0.0,0.0,False
plain,0,train_probe,0.01,0.006109712600708,0.002084628868103,0.0057830202102661,0.3411991699677381,0.9465290085160402,0.0,0.0,0.0,0.0,0.0,0.0,False
plain,0,train_probe,0.02,0.0241044591903686,0.0080669456481933,0.0233250782012939,0.3346661123771075,0.9676665224919828,0.0,0.0,0.0,0.0,0.0,0.0,False
plain,0,train_probe,0.025,0.0376566144943237,0.012399027633667,0.0365932947158813,0.32926559650060977,0.9717627356383117,0.0,0.0,0.0,0.0,0.0,0.0,False
plain,0,train_probe,0.05,0.1549480293273926,0.0463568111419677,0.1515513202667236,0.29917651320378863,0.9780783977994839,0.0,0.0,0.0,0.0,0.0,0.0,False
plain,0,train_probe,0.1,0.6926625160217285,0.1722601829528808,0.678169100189209,0.24869280344813274,0.9790757901614747,0.0,0.0,0.0,0.0,0.0,0.0,False
plain,0,train_probe,0.2,3.3557221298217774,0.6232255348205566,3.292234831237793,0.18572024461800601,0.9810808833008601,0.0,0.0,0.0,0.0,0.0,0.0,False
plain,0,train_probe,0.25,5.392771322631836,0.935511552429199,5.297419009399414,0.17347510147577352,0.9823184949763665,0.0,0.0,0.0,0.0,0.0,0.0,False
plain,0,train_probe,0.35,10.522756619262696,1.6691335281372068,10.37160915222168,0.15862131839880556,0.9856361339038927,0.0,0.0,0.0,0.0,0.0,0.0,False
plain,0,train_probe,0.5,22.406141085815435,2.760580569458008,22.12906711730957,0.12320642625988093,0.9876340166097914,0.0,0.0,0.0,0.0,0.0,0.0,False
plain,1,test_probe,0.005,0.0013751670837402,0.0001516151428223,0.0012489349365234,0.11025216107553627,0.9082059564184216,0.0,0.0,0.0,0.0,0.0,0.0,False
plain,1,test_probe,0.01,0.0055645683288574,0.0008530570983887,0.0055292274475097,0.15330157668561908,0.9936489446693599,0.0,0.0,0.0,0.0,0.0,0.0,False
plain,1,test_probe,0.02,0.0233477478027344,0.004010863494873,0.0236289688110351,0.17178802549868485,1.012044888041311,0.0,0.0,0.0,0.0,0.0,0.0,False
plain,1,test_probe,0.025,0.0368143882751465,0.0065214599609375,0.0371733695983886,0.17714432499045915,1.0097511147152336,0.0,0.0,0.0,0.0,0.0,0.0,False
plain,1,test_probe,0.05,0.1543806289672852,0.0269831237792969,0.1546098899841308,0.1747830926703563,1.0014850374582565,0.0,0.0,0.0,0.0,0.0,0.0,False
plain,1,test_probe,0.1,0.7116880706787108,0.111430435180664,0.7120375671386718,0.1565720148637547,1.0004910809585832,0.0,0.0,0.0,0.0,0.0,0.0,False
plain,1,test_probe,0.2,3.4267766571044924,0.497115071105957,3.4327272186279294,0.14506783512585322,1.0017364894531717,0.0,0.0,0.0,0.0,0.0,0.0,False
plain,1,test_probe,0.25,5.419981973266602,0.7965117141723632,5.4326855773925775,0.14695836962208725,1.0023438461951781,0.0,0.0,0.0,0.0,0.0,0.0,False
plain,1,test_probe,0.35,10.23151332397461,1.50044114074707,10.267566931152343,0.1466489944582506,1.003523780504029,0.0,0.0,0.0,0.0,0.0,0.0,False
plain,1,test_probe,0.5,21.22059967041016,2.4989121002197265,21.36378781127929,0.1177587881130518,1.006747601061849,0.0,0.0,0.0,0.0,0.0,0.0,False
plain,1,train_probe,0.005,0.0018858129501342,0.0007067239761352,0.0018998756408691,0.3747582580154132,1.00745709734038,0.0,0.0,0.0,0.0,0.0,0.0,False
plain,1,train_probe,0.01,0.0073600118637084,0.0026745706558227,0.0073974338531494,0.3633921663918483,1.0050845012391252,0.0,0.0,0.0,0.0,0.0,0.0,False
plain,1,train_probe,0.02,0.0290395517349243,0.0101166545867919,0.0290708343505859,0.34837502586602076,1.0010772416856553,0.0,0.0,0.0,0.0,0.0,0.0,False
plain,1,train_probe,0.025,0.0452797437667846,0.0155374246597289,0.0453029033660888,0.3431429457674301,1.0005114781440345,0.0,0.0,0.0,0.0,0.0,0.0,False
plain,1,train_probe,0.05,0.1850654136657714,0.0579395332336425,0.1850503597259521,0.3130759664162935,0.9999186561144997,0.0,0.0,0.0,0.0,0.0,0.0,False
plain,1,train_probe,0.1,0.8191649467468262,0.2106012920379638,0.8195357368469237,0.2570926562157364,1.000452644002371,0.0,0.0,0.0,0.0,0.0,0.0,False
plain,1,train_probe,0.2,3.755091673278809,0.7504387809753417,3.7645762863159193,0.19984566190899034,1.0025258006627649,0.0,0.0,0.0,0.0,0.0,0.0,False
plain,1,train_probe,0.25,5.844732109069825,1.1110167343139647,5.861373272705079,0.19008856412595793,1.0028472072500005,0.0,0.0,0.0,0.0,0.0,0.0,False
plain,1,train_probe,0.35,10.752861964416503,1.9104695053100584,10.792948937988282,0.17767079235576597,1.0037280282872072,0.0,0.0,0.0,0.0,0.0,0.0,False
plain,1,train_probe,0.5,21.85584492340088,2.970122746276856,22.002804919433597,0.13589603864258612,1.006724059241259,0.0,0.0,0.0,0.0,0.0,0.0,False
plain,2,test_probe,0.005,0.0014172500610351,0.0002607536315918,0.0013965332031249,0.18398562029438648,0.9853823552527708,0.0,0.0,0.0,0.0,0.0,0.0,False
plain,2,test_probe,0.01,0.0055303764343262,0.0010169136047363,0.0056907913208007,0.18387782763293886,1.029006142417147,0.0,0.0,0.0,0.0,0.0,0.0,False
plain,2,test_probe,0.02,0.0226228057861328,0.0042482887268066,0.0227175148010253,0.18778787949506653,1.004186439815991,0.0,0.0,0.0,0.0,0.0,0.0,False
plain,2,test_probe,0.025,0.0356112289428711,0.0068675140380859,0.0356771415710448,0.19284686998876194,1.0018508945108138,0.0,0.0,0.0,0.0,0.0,0.0,False
plain,2,test_probe,0.05,0.1466367462158203,0.0285209320068359,0.1470937194824218,0.19450057876256152,1.0031163625652806,0.0,0.0,0.0,0.0,0.0,0.0,False
plain,2,test_probe,0.1,0.6569712463378907,0.1110787078857422,0.661398250579834,0.16907697027064814,1.006738505325188,0.0,0.0,0.0,0.0,0.0,0.0,False
plain,2,test_probe,0.2,3.13164151763916,0.4733646980285645,3.1633876342773437,0.15115545485085355,1.0101372128512704,0.0,0.0,0.0,0.0,0.0,0.0,False
plain,2,test_probe,0.25,4.903606774902344,0.7576317810058593,4.957202487182617,0.1545050033138001,1.010929855255643,0.0,0.0,0.0,0.0,0.0,0.0,False
plain,2,test_probe,0.35,9.050207720947268,1.469422659301758,9.158306182861327,0.1623634180131234,1.0119443072741698,0.0,0.0,0.0,0.0,0.0,0.0,False
plain,2,test_probe,0.5,19.65276328125,2.5603139831542974,19.889270642089844,0.13027755672389346,1.0120343056828802,0.0,0.0,0.0,0.0,0.0,0.0,False
plain,2,train_probe,0.005,0.0018251056671142,0.0007532436370849,0.0018365333557128,0.41271234354113057,1.0062613846444677,0.0,0.0,0.0,0.0,0.0,0.0,False
plain,2,train_probe,0.01,0.0069209283828735,0.002731353187561,0.0070274522781372,0.39465127168776876,1.0153915615609177,0.0,0.0,0.0,0.0,0.0,0.0,False
plain,2,train_probe,0.02,0.027002166557312,0.0100378898620605,0.0273872974395751,0.3717438688023465,1.0142629622495536,0.0,0.0,0.0,0.0,0.0,0.0,False
plain,2,train_probe,0.025,0.0421090270996093,0.0153566186904907,0.0425912727355957,0.3646870932012861,1.0114523100912696,0.0,0.0,0.0,0.0,0.0,0.0,False
plain,2,train_probe,0.05,0.1715822067260742,0.0565470527648925,0.1729559268951416,0.32956245198063083,1.008006192455961,0.0,0.0,0.0,0.0,0.0,0.0,False
plain,2,train_probe,0.1,0.7488361221313475,0.2044814529418945,0.7534807876586914,0.27306569074138226,1.006202512659411,0.0,0.0,0.0,0.0,0.0,0.0,False
plain,2,train_probe,0.2,3.3696841369628907,0.709022646331787,3.401003213500977,0.21041219815066461,1.0092943656631017,0.0,0.0,0.0,0.0,0.0,0.0,False
plain,2,train_probe,0.25,5.222611666870117,1.0452871444702148,5.277018142700195,0.20014644226777245,1.0104174844503964,0.0,0.0,0.0,0.0,0.0,0.0,False
plain,2,train_probe,0.35,9.480815563964844,1.842307456970215,9.590650268554686,0.1943195123394815,1.0115849426506414,0.0,0.0,0.0,0.0,0.0,0.0,False
plain,2,train_probe,0.5,20.25351395874024,3.0281396270751952,20.492511968994144,0.14951181475194955,1.0118003231805002,0.0,0.0,0.0,0.0,0.0,0.0,False
plain,3,test_probe,0.005,0.0013194274902343,0.0002791305541992,0.0014765487670898,0.21155429628772765,1.1190829189314517,0.0,0.0,0.0,0.0,0.0,0.0,False
plain,3,test_probe,0.01,0.0054961013793945,0.0011302879333496,0.0057699897766113,0.20565267183519872,1.049833214184083,0.0,0.0,0.0,0.0,0.0,0.0,False
plain,3,test_probe,0.02,0.0221943382263183,0.0047253524780273,0.022696866607666,0.21290801419002994,1.022642188121284,0.0,0.0,0.0,0.0,0.0,0.0,False
plain,3,test_probe,0.025,0.0349656944274902,0.0074404251098633,0.0356144111633301,0.21279214474898578,1.01855294872479,0.0,0.0,0.0,0.0,0.0,0.0,False
plain,3,test_probe,0.05,0.1430329032897949,0.0294752220153808,0.1458928405761718,0.20607301772838862,1.0199949607439798,0.0,0.0,0.0,0.0,0.0,0.0,False
plain,3,test_probe,0.1,0.6111615249633792,0.1134665473937988,0.6235915771484375,0.18565721623362616,1.0203384075687734,0.0,0.0,0.0,0.0,0.0,0.0,False
plain,3,test_probe,0.2,2.864912405395508,0.4485762428283691,2.9248531082153315,0.1565759015820388,1.020922350961564,0.0,0.0,0.0,0.0,0.0,0.0,False
plain,3,test_probe,0.25,4.614643017578125,0.7036232070922851,4.70780966796875,0.15247619467248918,1.0201893516000553,0.0,0.0,0.0,0.0,0.0,0.0,False
plain,3,test_probe,0.35,9.136837872314452,1.3427212371826172,9.319384014892576,0.14695688551628996,1.0199791377639804,0.0,0.0,0.0,0.0,0.0,0.0,False
plain,3,test_probe,0.5,20.789888256835937,2.3323985260009765,21.23300802612305,0.11218908428880367,1.0213141967774362,0.0,0.0,0.0,0.0,0.0,0.0,False
plain,3,train_probe,0.005,0.001563123512268,0.0005946659088134,0.0014917013168334,0.3804343701225343,0.9543080282050326,0.0,0.0,0.0,0.0,0.0,0.0,False
plain,3,train_probe,0.01,0.0061365238189697,0.0023137289047241,0.006063703918457,0.3770422755586349,0.9881333630144816,0.0,0.0,0.0,0.0,0.0,0.0,False
plain,3,train_probe,0.02,0.0245082971572876,0.0088646741867065,0.0247212724685668,0.3617009427385112,1.008689926921988,0.0,0.0,0.0,0.0,0.0,0.0,False
plain,3,train_probe,0.025,0.0385782096862793,0.0136724977493286,0.0390245849609374,0.3544098562508294,1.0115706581069484,0.0,0.0,0.0,0.0,0.0,0.0,False
plain,3,train_probe,0.05,0.1619920232772827,0.0517037137985229,0.1640108406066894,0.3191744429910684,1.0124624490055976,0.0,0.0,0.0,0.0,0.0,0.0,False
plain,3,train_probe,0.1,0.715334954071045,0.1892354930877685,0.7263895709991456,0.26454109646230733,1.0154537631150102,0.0,0.0,0.0,0.0,0.0,0.0,False
plain,3,train_probe,0.2,3.204970008850098,0.6781453186035156,3.268336853027344,0.2115917829904516,1.0197714312465536,0.0,0.0,0.0,0.0,0.0,0.0,False
plain,3,train_probe,0.25,5.02306316986084,1.008414771270752,5.121758851623536,0.20075693599104977,1.0196485049909159,0.0,0.0,0.0,0.0,0.0,0.0,False
plain,3,train_probe,0.35,9.625463398742676,1.7707469268798828,9.814017962646483,0.18396484964154414,1.0195891414358749,0.0,0.0,0.0,0.0,0.0,0.0,False
plain,3,train_probe,0.5,21.437453730773925,2.849145295715332,21.88665871582031,0.13290502367943646,1.0209542136247993,0.0,0.0,0.0,0.0,0.0,0.0,False
plain,4,test_probe,0.005,0.0011688827514648,0.0001678680419922,0.0011519866943359,0.14361409797675093,0.9855451223762806,0.0,0.0,0.0,0.0,0.0,0.0,False
plain,4,test_probe,0.01,0.0048093635559082,0.0009082038879394,0.0044935241699219,0.18884076393511381,0.934328236508904,0.0,0.0,0.0,0.0,0.0,0.0,False
plain,4,test_probe,0.02,0.0195380058288574,0.0035336601257324,0.0188593742370606,0.1808608389558993,0.9652660769097289,0.0,0.0,0.0,0.0,0.0,0.0,False
plain,4,test_probe,0.025,0.0308877716064453,0.0054758979797363,0.0300354911804199,0.17728368525600122,0.9724071895867179,0.0,0.0,0.0,0.0,0.0,0.0,False
plain,4,test_probe,0.05,0.1300612327575683,0.0224200202941894,0.126997445678711,0.17238049969878338,0.9764435026956252,0.0,0.0,0.0,0.0,0.0,0.0,False
plain,4,test_probe,0.1,0.582964505004883,0.0952863594055176,0.5711698097229005,0.1634513912724746,0.979767729972027,0.0,0.0,0.0,0.0,0.0,0.0,False
plain,4,test_probe,0.2,2.766475724792481,0.4207141456604003,2.74963094329834,0.1520758493884702,0.9939111045352099,0.0,0.0,0.0,0.0,0.0,0.0,False
plain,4,test_probe,0.25,4.462734951782227,0.6793300796508788,4.453364620971679,0.1522228156031501,0.9979003165297089,0.0,0.0,0.0,0.0,0.0,0.0,False
plain,4,test_probe,0.35,8.90925082397461,1.342246098327637,8.913238684082033,0.15065757209525188,1.000447608916419,0.0,0.0,0.0,0.0,0.0,0.0,False
plain,4,test_probe,0.5,19.24208502807617,2.3970169860839845,19.221044921875,0.12457158268381475,0.9989065578823464,0.0,0.0,0.0,0.0,0.0,0.0,False
plain,4,train_probe,0.005,0.0015018095016479,0.0005513689041137,0.0014633022308349,0.36713638015253997,0.9743594172425017,0.0,0.0,0.0,0.0,0.0,0.0,False
plain,4,train_probe,0.01,0.0060449447631835,0.0022151622772216,0.0058758764266967,0.3664487210392656,0.9720314505574139,0.0,0.0,0.0,0.0,0.0,0.0,False
plain,4,train_probe,0.02,0.0243309909820556,0.0087066844940185,0.0240609046936035,0.35784339817641564,0.9888994949424258,0.0,0.0,0.0,0.0,0.0,0.0,False
plain,4,train_probe,0.025,0.0383209781646728,0.0134477916717529,0.0379118444442749,0.3509250628719624,0.9893235052967654,0.0,0.0,0.0,0.0,0.0,0.0,False
plain,4,train_probe,0.05,0.1607803979873657,0.0514659599304199,0.1587320440292358,0.32010096115363607,0.9872599273059961,0.0,0.0,0.0,0.0,0.0,0.0,False
plain,4,train_probe,0.1,0.7095411819458007,0.1919787605285644,0.6979450706481933,0.27056746727807124,0.9836568875878254,0.0,0.0,0.0,0.0,0.0,0.0,False
plain,4,train_probe,0.2,3.124786747741699,0.6867645973205566,3.103362031555176,0.21977966906602034,0.993143622936187,0.0,0.0,0.0,0.0,0.0,0.0,False
plain,4,train_probe,0.25,4.918430416870118,1.021139083862305,4.904269625854492,0.2076148277629014,0.9971208719417775,0.0,0.0,0.0,0.0,0.0,0.0,False
plain,4,train_probe,0.35,9.481451513671876,1.7936174880981444,9.482637759399417,0.1891711923550755,1.0001251122495147,0.0,0.0,0.0,0.0,0.0,0.0,False
plain,4,train_probe,0.5,19.922384747314457,2.929631842041016,19.89883048400879,0.1470522670452859,0.9988176986036352,0.0,0.0,0.0,0.0,0.0,0.0,False
resolution_max_b1,0,test_probe,0.005,0.0009153228759765,0.0002753204345702,0.0008508949279785,0.3007905098804376,0.9296117799642384,-0.00012057800292969998,-0.11639917040809676,0.00011262207031239999,0.6922139065513114,-0.00017728576660149995,-0.1724266634610555,True
resolution_max_b1,0,test_probe,0.01,0.0034886642456054,0.001033934020996,0.0033760162353515,0.2963695982777437,0.9677102746715164,-0.0008756256103516001,-0.20063415567057774,0.0004011428833007001,0.6339262031413869,-0.0009264144897461004,-0.2153235110427222,True
resolution_max_b1,0,test_probe,0.02,0.0132957916259765,0.0036645965576171,0.0131847694396972,0.27562078744205326,0.9916498250422042,-0.0054878738403321015,-0.2921620303649173,0.0006837806701660001,0.22939379551908587,-0.004937156677246099,-0.27244105540360025,True
resolution_max_b1,0,test_probe,0.025,0.0206143737792968,0.0055870559692382,0.0204560073852539,0.27102719825762206,0.992317671361817,-0.009326689147949301,-0.3115016046895949,0.0006300727844238,0.12710811413563253,-0.0085051010131835,-0.29367318737159914,True
resolution_max_b1,0,test_probe,0.05,0.084939623260498,0.0216024124145507,0.0841158935546874,0.25432668035622324,0.9903021737771978,-0.042961652374267606,-0.3358969811759246,-0.00021482391357429895,-0.009846522737500234,-0.0398589241027832,-0.3215082292995116,False
resolution_max_b1,0,test_probe,0.1,0.3915441825866699,0.0901281364440917,0.3864473091125487,0.23018637602703107,0.9869826351640585,-0.19783499679565442,-0.3356667553186857,-0.0008358871459961947,-0.00918920594105381,-0.18702804412841806,-0.32613091926521093,False
resolution_max_b1,0,test_probe,0.2,2.0365607177734377,0.3909028099060059,2.005909959411621,0.19194262488445624,0.9849497448839498,-0.9702736618041992,-0.32268942659239225,0.008111615753173873,0.021190706257300303,-0.9330290557861329,-0.31747139051245393,True
resolution_max_b1,0,test_probe,0.25,3.392744651794434,0.6153166976928711,3.337556492614746,0.18136251349403146,0.9837334769209647,-1.5529515579223636,-0.31400059608822783,-0.0009847610473633361,-0.001597856103369056,-1.508371812438965,-0.3112658127578812,False
resolution_max_b1,0,test_probe,0.35,7.0192290069580086,1.1969159866333006,6.903779254150391,0.17051958063297606,0.9835523598541699,-2.967303408813475,-0.2971305038901477,-0.024231700134277112,-0.019843382087894136,-2.925915493774414,-0.2976608703329387,False
resolution_max_b1,0,test_probe,0.5,16.56538615722656,2.1754533691406253,16.310109033203126,0.1313252434016816,0.9845897269402277,-5.28590839233399,-0.24190367213004754,-0.04499221801757791,-0.020262697846678775,-5.26035456542969,-0.2438684055804486,False
resolution_max_b1,0,train_probe,0.005,0.0010059871673584,0.0003392314910888,0.0009901054382324,0.337212543157564,0.9842127915332126,-0.0005523979187011,-0.35446817583315166,-0.00019634876251220003,-0.3666094132336648,-0.0004393241882324,-0.3073422994029559,False
resolution_max_b1,0,train_probe,0.01,0.0040216632843017,0.0013799541473388,0.0039337116241455,0.34313020503863684,0.9781305261185059,-0.0020880493164062994,-0.3417590078073941,-0.0007046747207641998,-0.33803365747565883,-0.0018493085861206,-0.3197824871574339,False
resolution_max_b1,0,train_probe,0.02,0.0158161766052246,0.005481265258789,0.0155275699615478,0.3465607014642438,0.9817524392348107,-0.008288282585144,-0.3438485186365742,-0.0025856803894043004,-0.32052780595880154,-0.007797508239746101,-0.33429719602455843,False
resolution_max_b1,0,train_probe,0.025,0.0246514533996582,0.0084952266693115,0.0242110919952392,0.3446136230421728,0.9821364932412016,-0.013005161094665499,-0.3453619309464444,-0.0039038009643555006,-0.3148473476868085,-0.012382202720642096,-0.33837354129439146,False
resolution_max_b1,0,train_probe,0.05,0.1002927673339843,0.0330606273651123,0.0987352031707763,0.3296411919218194,0.9844698256453412,-0.0546552619934083,-0.3527328629519138,-0.013296183776855403,-0.28682265775650206,-0.0528161170959473,-0.348503180328573,False
resolution_max_b1,0,train_probe,0.1,0.4395532249450684,0.1276066207885742,0.4337452308654786,0.2903098272217691,0.9867865965940402,-0.2531092910766601,-0.36541502567567863,-0.044653562164306604,-0.2592216111631608,-0.24442386932373034,-0.3604172901058691,False
resolution_max_b1,0,train_probe,0.2,2.150605366516113,0.4836103637695312,2.1201375030517573,0.2248717367207908,0.9858328896883055,-1.2051167633056643,-0.35912292993391204,-0.13961517105102544,-0.2240202996355475,-1.1720973281860356,-0.3560187496544279,False
resolution_max_b1,0,train_probe,0.25,3.536584228515625,0.7372964172363281,3.4825484725952145,0.20847698502172707,0.9847209192743896,-1.8561870941162106,-0.34419911082199106,-0.19821513519287093,-0.2118788749087865,-1.8148705368041997,-0.34259523998082936,False
resolution_max_b1,0,train_probe,0.35,7.217323321533202,1.3653990997314451,7.103127160644531,0.18918358495284765,0.9841774913217534,-3.3054332977294933,-0.31412237470917553,-0.3037344284057617,-0.18197131822325602,-3.268481991577149,-0.3151374047755178,False
resolution_max_b1,0,train_probe,0.5,16.83922320251465,2.378597543334961,16.583801226806642,0.1412534007494929,0.9848317245613881,-5.5669178833007855,-0.24845500445523,-0.3819830261230468,-0.13837054072942437,-5.545265890502929,-0.25058742246596416,False
resolution_max_b1,1,test_probe,0.005,0.0010583602905273,0.0003178169250488,0.0009671104431152,0.3002918078969649,0.9137818678300589,-0.00031680679321289987,-0.23037694616078508,0.00016620178222649998,1.096208328090923,-0.0002818244934082,-0.2256518615715093,True
resolution_max_b1,1,test_probe,0.01,0.0041125228881836,0.0012388488769531,0.0039885055541992,0.3012381719534378,0.9698439771993159,-0.0014520454406738003,-0.26094484870346735,0.00038579177856440004,0.45224613838054245,-0.0015407218933104995,-0.27865048199535053,True
resolution_max_b1,1,test_probe,0.02,0.0161181762695312,0.0045639358520508,0.0160731071472168,0.28315460606285714,0.9972038323963738,-0.0072295715332031975,-0.30964749123924057,0.0005530723571777994,0.13789358772363602,-0.0075558616638182995,-0.31977111334158576,True
resolution_max_b1,1,test_probe,0.025,0.0250705184936523,0.0069607276916504,0.0251407470703125,0.27764594072567,1.0028012414931897,-0.0117438697814942,-0.3190021709371311,0.00043926773071290004,0.06735726867051908,-0.0120326225280761,-0.3236893146376941,True
resolution_max_b1,1,test_probe,0.05,0.1016776275634766,0.0255748481750488,0.1028121635437012,0.2515287658446064,1.0111581673118435,-0.05270300140380858,-0.34138351266192135,-0.0014082756042481,-0.052190977433406546,-0.05179772644042961,-0.33502207682669033,False
resolution_max_b1,1,test_probe,0.1,0.4531699188232422,0.0964016174316406,0.459289469909668,0.21272730917791083,1.0135038775352005,-0.25851815185546856,-0.3632464312756139,-0.015028817749023413,-0.1348717495777248,-0.2527480972290038,-0.3549645536887525,False
resolution_max_b1,1,test_probe,0.2,2.4073274261474613,0.3936639373779297,2.4413972412109377,0.1635273760860712,1.0141525472162296,-1.019449230957031,-0.29749509027484455,-0.10345113372802728,-0.20810299212589617,-0.9913299774169917,-0.28878786873523526,False
resolution_max_b1,1,test_probe,0.25,4.032879025268555,0.6317660263061524,4.08951100769043,0.15665385010255353,1.0140425691093238,-1.3871029479980477,-0.2559239043302659,-0.1647456878662108,-0.20683397988364077,-1.343174569702147,-0.24723951912321143,False
resolution_max_b1,1,test_probe,0.35,8.284330133056638,1.2431722732543946,8.397582196044922,0.15006310145630397,1.0136706361491292,-1.947183190917972,-0.19031233496567002,-0.2572688674926753,-0.1714621523671239,-1.8699847351074208,-0.1821254000725126,False
resolution_max_b1,1,test_probe,0.5,18.59746798095703,2.208273840332031,18.90386004638672,0.11874056417751082,1.016474934423515,-2.6231316894531282,-0.12361251473542488,-0.29063825988769576,-0.1163059156271004,-2.459927764892573,-0.11514473868692057,False
resolution_max_b1,1,train_probe,0.005,0.001070877456665,0.0003169334411621,0.0010952739715576,0.2959567774907839,1.0227817989264405,-0.0008149354934692001,-0.43214015123356053,-0.00038979053497310005,-0.5515456502618089,-0.0008046016693115002,-0.4235022819406402,False
resolution_max_b1,1,train_probe,0.01,0.0043290775299072,0.0012995357513427,0.0043737953186035,0.30018768256399353,1.0103296345208348,-0.0030309343338011992,-0.4118110663308142,-0.0013750349044800003,-0.5141142566140352,-0.0030236385345459,-0.40874154396914403,False
resolution_max_b1,1,train_probe,0.02,0.0174015617370605,0.0053538223266601,0.017549743270874,0.3076633239910843,1.0085154158030492,-0.0116379899978638,-0.40076341756568573,-0.0047628322601318005,-0.4707912303687879,-0.011521091079711901,-0.39631098787089686,False
resolution_max_b1,1,train_probe,0.025,0.0271993625640869,0.0083782321929931,0.0273951663970947,0.3080304611276232,1.0071988390369977,-0.0180803812026977,-0.3993039646121129,-0.007159192466735799,-0.46077085640141824,-0.017907736968994097,-0.39528894703024314,False
resolution_max_b1,1,train_probe,0.05,0.1104597293853759,0.0331893230438232,0.1112781921386718,0.300465366233436,1.0074096031001525,-0.07460568428039549,-0.4031314268971594,-0.0247502101898193,-0.42717310286248783,-0.07377216758728031,-0.39865995233152873,False
resolution_max_b1,1,train_probe,0.1,0.4955130676269531,0.1275095954895019,0.500111173248291,0.25732842142822654,1.0092794840777026,-0.3236518791198731,-0.395099766420916,-0.08309169654846191,-0.3945450464448408,-0.3194245635986327,-0.3897628245323195,False
resolution_max_b1,1,train_probe,0.2,2.538777780151367,0.4964131401062012,2.5700424530029298,0.19553233212739243,1.0123148520898504,-1.2163138931274418,-0.32391057235239235,-0.2540256408691405,-0.3385028163642937,-1.1945338333129896,-0.31730897250112083,False
resolution_max_b1,1,train_probe,0.25,4.203210015869141,0.7698377937316895,4.258087414550782,0.18315472955792864,1.0130560686890382,-1.6415220932006838,-0.28085497548354327,-0.34117894058227527,-0.30708713023386447,-1.6032858581542975,-0.2735341674314432,False
resolution_max_b1,1,train_probe,0.35,8.522473541259767,1.437902848815918,8.636901065063475,0.1687189572199448,1.0134265625172938,-2.230388423156736,-0.20742277084347993,-0.4725666564941404,-0.2473562939270499,-2.156047872924807,-0.1997644837673694,False
resolution_max_b1,1,train_probe,0.5,18.968414990234372,2.44775352935791,19.283840145874024,0.12904365128125372,1.0166289674599613,-2.8874299331665085,-0.1321124826464595,-0.5223692169189458,-0.1758746225467457,-2.7189647735595734,-0.12357355271364037,False
resolution_max_b1,2,test_probe,0.005,0.0009900413513183,0.0003223678588867,0.0008961708068847,0.3256104994578738,0.9051852285678716,-0.00042720870971679997,-0.30143495594897673,6.161422729490001e-05,0.23629288274440896,-0.0005003623962402001,-0.3582889365756453,True
resolution_max_b1,2,test_probe,0.01,0.0037340263366699,0.0011538375854492,0.0034102485656738,0.30900627939282876,0.9132899069788423,-0.0017963500976563,-0.3248151584233272,0.00013692398071289994,0.1346466209864566,-0.0022805427551269,-0.4007426430821971,True
resolution_max_b1,2,test_probe,0.02,0.0141341918945312,0.004143138885498,0.0134423248291015,0.2931288124863412,0.95105011516807,-0.0084886138916016,-0.37522374420969934,-0.0001051498413086006,-0.024751105226230887,-0.0092751899719238,-0.4082836548434949,False
resolution_max_b1,2,test_probe,0.025,0.02191987991333,0.0062697048187255,0.0210956604003906,0.28602824666538174,0.9623985388515668,-0.0136913490295411,-0.38446718734434265,-0.0005978092193604,-0.0870488529102476,-0.014581481170654196,-0.408706542300137,False
resolution_max_b1,2,test_probe,0.05,0.0901541664123535,0.024206492614746,0.0879634864807129,0.26850109737611716,0.9757007355420411,-0.056482579803466784,-0.38518707800796126,-0.0043144393920898985,-0.15127273509350303,-0.059130233001708915,-0.4019901951610869,False
resolution_max_b1,2,test_probe,0.1,0.415407974243164,0.0968177574157714,0.407684772491455,0.23306668003223735,0.9814081523933671,-0.24156327209472672,-0.36769230531968655,-0.014260950469970807,-0.12838599531280026,-0.253713478088379,-0.3836016770016457,False
resolution_max_b1,2,test_probe,0.2,2.1835904968261715,0.3996313453674316,2.163459242248535,0.1830157009513881,0.990780663953751,-0.9480510208129886,-0.3027329327041534,-0.0737333526611329,-0.1557643672378027,-0.9999283920288087,-0.31609417106962806,False
resolution_max_b1,2,test_probe,0.25,3.702767404174805,0.6372648178100586,3.6792689361572255,0.17210500910523135,0.9936538093127089,-1.200839370727539,-0.2448890022898408,-0.12036696319580065,-0.1588726426391421,-1.277933551025391,-0.25779329255353733,False
resolution_max_b1,2,test_probe,0.35,7.94491785888672,1.2535870178222654,7.940877246093751,0.1577847675819677,0.9994914217031898,-1.1052898620605482,-0.12212867330130844,-0.21583564147949263,-0.14688465576136797,-1.2174289367675764,-0.1329316701647133,False
resolution_max_b1,2,test_probe,0.5,19.318569598388677,2.280008969116211,19.421212341308596,0.11802162460860362,1.005313164745307,-0.3341936828613221,-0.01700492078791609,-0.2803050140380865,-0.10948071833469103,-0.468058300781248,-0.023533205877883677,False
resolution_max_b1,2,train_probe,0.005,0.0009000942230224,0.0002746356964111,0.0009273006439208,0.30511883021414005,1.0302261921058047,-0.0009250114440918001,-0.5068262406715328,-0.00047860794067380006,-0.6353959291658178,-0.000909232711792,-0.4950809681532336,False
resolution_max_b1,2,train_probe,0.01,0.0038314723968505,0.0012440063476562,0.0038599502563476,0.3246810152354961,1.0074326150752146,-0.003089455986023,-0.44639328932635025,-0.0014873468399047999,-0.5445457755805455,-0.0031675020217896,-0.4507326263379799,False
resolution_max_b1,2,train_probe,0.02,0.0159144969940185,0.0053786483764648,0.0157522499084472,0.33797162288486887,0.9898050761119072,-0.0110876695632935,-0.410621478826892,-0.0046592414855957005,-0.46416543213986683,-0.011635047531127901,-0.4248337228891765,False
resolution_max_b1,2,train_probe,0.025,0.0250234951019287,0.0084948451995849,0.0247328659057617,0.33947476821214134,0.9883857472753836,-0.0170855319976806,-0.40574511392211965,-0.0068617734909058,-0.4468284085971885,-0.017858406829834,-0.41929732742897863,False
resolution_max_b1,2,train_probe,0.05,0.1033986133575439,0.0338915615081787,0.1021129264831542,0.32777578352027287,0.9875657242138839,-0.06818359336853029,-0.39738149234426934,-0.022655491256713796,-0.4006484891601559,-0.0708430004119874,-0.4096014613881232,False
resolution_max_b1,2,train_probe,0.1,0.462617594909668,0.130527819442749,0.4567653533935547,0.28215057291159934,0.9873497212805837,-0.28621852722167956,-0.38221784281324533,-0.0739536334991455,-0.36166426067091856,-0.29671543426513675,-0.39379296609158093,False
resolution_max_b1,2,train_probe,0.2,2.3254318817138677,0.5005344985961915,2.308367546081543,0.2152436725978369,0.9926618639029977,-1.044252255249023,-0.30989618397592944,-0.20848814773559554,-0.2940500544153755,-1.092635667419434,-0.32126863717211246,False
resolution_max_b1,2,train_probe,0.25,3.8910261566162103,0.7695142700195313,3.8726375,0.19776640892302078,0.9952740855815265,-1.3315855102539067,-0.2549654454879121,-0.27577287445068344,-0.2638249938398066,-1.4043806427001946,-0.26613147893813904,False
resolution_max_b1,2,train_probe,0.35,8.225748394775392,1.4317955749511715,8.228581484985352,0.17406265135225635,1.0003444173191292,-1.2550671691894522,-0.13237966298593276,-0.41051188201904343,-0.22282484960146381,-1.3620687835693346,-0.14202048301513123,False
resolution_max_b1,2,train_probe,0.5,19.80250821228028,2.513661715698242,19.91486713256836,0.12693653191566034,1.0056739741796143,-0.45100574645995906,-0.022268024569895992,-0.5144779113769533,-0.1698990055732254,-0.5776448364257831,-0.02818809315811449,False
resolution_max_b1,3,test_probe,0.005,0.0008254600524902,0.0001871643066406,0.0008255798339843,0.2267393874191411,1.0001451087714526,-0.0004939674377441,-0.37438013183762203,-9.196624755859997e-05,-0.32947395466054485,-0.0006509689331054999,-0.4408719492472473,False
resolution_max_b1,3,test_probe,0.01,0.0034273345947265,0.0008645874023437,0.0033783554077148,0.252262327604082,0.9857092484967582,-0.002068766784668,-0.3764062272257274,-0.00026570053100590007,-0.23507331465399128,-0.0023916343688965003,-0.41449542572692405,False
resolution_max_b1,3,test_probe,0.02,0.014248526763916,0.0037540367126464,0.014153490447998,0.2634684114959445,0.9933300952798377,-0.007945811462402298,-0.3580107404590268,-0.0009713157653809005,-0.20555414011917203,-0.008543376159668001,-0.37641214125928846,False
resolution_max_b1,3,test_probe,0.025,0.0225742012023925,0.0060138008117675,0.0224402626037597,0.26640148893198196,0.9940667402832131,-0.0123914932250977,-0.3543900222200491,-0.0014266242980958002,-0.19173962200151906,-0.013174148559570397,-0.3699106100379664,False
resolution_max_b1,3,test_probe,0.05,0.0943103507995605,0.0247116310119628,0.0941616142272949,0.262024590116125,0.9984229029899198,-0.0487225524902344,-0.34063877170638857,-0.004763591003418,-0.16161340535220586,-0.051731226348876905,-0.3545837214806139,False
resolution_max_b1,3,test_probe,0.1,0.4154841651916503,0.1007669883728027,0.4160451736450195,0.24252907045524086,1.0013502523089186,-0.19567735977172884,-0.3201729032001055,-0.012699559020996107,-0.11192337576749221,-0.20754640350341802,-0.3328242572686552,False
resolution_max_b1,3,test_probe,0.2,2.0936232604980467,0.4103721878051758,2.116509414672852,0.19601052182977438,1.0109313622018896,-0.7712891448974615,-0.26921910193306003,-0.038204055023193295,-0.085167361477524,-0.8083436935424797,-0.27637069747947435,False
resolution_max_b1,3,test_probe,0.25,3.514136303710938,0.6506780464172364,3.5637530426025386,0.18516016175300842,1.0141191845174604,-1.100506713867187,-0.2384814404223968,-0.05294516067504873,-0.07524646734414006,-1.1440566253662112,-0.24301250603867985,False
resolution_max_b1,3,test_probe,0.35,7.400735949707029,1.251867558288574,7.524925708007812,0.16915446879821885,1.016780730882001,-1.736101922607423,-0.19001124315316884,-0.09085367889404306,-0.06766384293189405,-1.7944583068847635,-0.1925511711951327,False
resolution_max_b1,3,test_probe,0.5,16.439582263183596,2.177330111694336,16.72405718383789,0.13244436974353427,1.0173042669880594,-4.350305993652341,-0.20925105223795104,-0.15506841430664053,-0.06648452765596355,-4.508950842285159,-0.2123557263642429,False
resolution_max_b1,3,train_probe,0.005,0.0010918697357177,0.0004070156097412,0.0011966453552245,0.37276938486958194,1.095959816523287,-0.0004712537765503,-0.3014821112034446,-0.00018765029907220004,-0.3155558378092307,-0.00029505596160889994,-0.19779828460247523,False
resolution_max_b1,3,train_probe,0.01,0.0044351200103759,0.0016979743957519,0.0046920539855956,0.3828474521049066,1.0579316849642415,-0.0017014038085938002,-0.27725856833379975,-0.0006157545089721999,-0.2661307933332083,-0.0013716499328614,-0.22620661419273863,False
resolution_max_b1,3,train_probe,0.02,0.0176892051696777,0.0067839710235595,0.0182138645172119,0.3835090926068503,1.0296598599259597,-0.006819091987609903,-0.27823605792955836,-0.002080703163147001,-0.23471851523513762,-0.006507407951354897,-0.26323110833510266,False
resolution_max_b1,3,train_probe,0.025,0.0276139675140381,0.0105246116638183,0.0282621326446533,0.38113362951078683,1.0234723652182791,-0.0109642421722412,-0.2842081646972004,-0.0031478860855102993,-0.23023489513208215,-0.010762452316284102,-0.275786464534012,False
resolution_max_b1,3,train_probe,0.05,0.1101860805511474,0.0399029029846191,0.1112971031188964,0.36214105071190483,1.0100831480908632,-0.05180594272613531,-0.319805516827571,-0.0118008108139038,-0.22823913307057128,-0.05271373748779301,-0.3214039833757367,False
resolution_max_b1,3,train_probe,0.1,0.4613518112182618,0.1422277442932129,0.4641763435363768,0.3082847857855837,1.006122295934325,-0.2539831428527832,-0.3550548472534984,-0.047007748794555604,-0.24840873150975512,-0.26221322746276876,-0.36098154204237215,False
resolution_max_b1,3,train_probe,0.2,2.2289381896972658,0.5117033645629884,2.253583734130859,0.22957270279104863,1.011057078454446,-0.9760318191528321,-0.30453695867906727,-0.1664419540405272,-0.24543700218011702,-1.014753118896485,-0.3104799671908222,False
resolution_max_b1,3,train_probe,0.25,3.7103368103027337,0.7808683212280274,3.762552239990234,0.21045753017886126,1.0140729622018438,-1.312726359558106,-0.26133980703939147,-0.22754645004272467,-0.22564767645755765,-1.3592066116333021,-0.26537887686813877,False
resolution_max_b1,3,train_probe,0.35,7.68857060241699,1.4371555450439453,7.816122970581053,0.18692103114617414,1.0165898675787624,-1.9368927963256857,-0.20122592711522772,-0.3335913818359375,-0.18839020798061587,-1.9978949920654303,-0.20357564044305773,False
resolution_max_b1,3,train_probe,0.5,16.831794537353513,2.4239359588623044,17.118368206787107,0.14400935999325853,1.0170257347662854,-4.605659193420411,-0.21484170887370307,-0.4252093368530274,-0.14924101536431844,-4.7682905090332035,-0.2178628803484995,False
resolution_max_b1,4,test_probe,0.005,0.0009280555725097,0.0002805358886718,0.0008931449890136,0.3022835021755853,0.9623830894073586,-0.00024082717895510008,-0.2060319383217046,0.00011266784667959999,0.6711691239291104,-0.0002588417053223,-0.22469157551469612,True
resolution_max_b1,4,test_probe,0.01,0.0034949127197265,0.0010197547912597,0.0034468681335448,0.2917826203509605,0.9862529939845079,-0.0013144508361817003,-0.2733107657388316,0.00011155090332030005,0.12282583767990134,-0.0010466560363771,-0.2329254270808321,True
resolution_max_b1,4,test_probe,0.02,0.0134387825012206,0.0034914146423339,0.013469172668457,0.25980140998760765,1.0022613780105185,-0.0060992233276368005,-0.31217225447994906,-4.224548339849983e-05,-0.011955163172277038,-0.005390201568603599,-0.28581020244093264,False
resolution_max_b1,4,test_probe,0.025,0.0210421394348144,0.0052635467529296,0.0210403434753417,0.25014313631155854,0.999914649388278,-0.0098456321716309,-0.3187550172630915,-0.00021235122680670054,-0.03877925184006562,-0.0089951477050782,-0.29948395553265084,False
resolution_max_b1,4,test_probe,0.05,0.0890045173645019,0.0205608528137207,0.088195832824707,0.23100909282522644,0.9909141180274808,-0.041056715393066406,-0.3156721993370257,-0.0018591674804687014,-0.08292443343374413,-0.03880161285400399,-0.3055306557280501,False
resolution_max_b1,4,test_probe,0.1,0.4151379615783691,0.090244773864746,0.4109972976684569,0.21738501948034866,0.9900258123969939,-0.16782654342651387,-0.2878846687674546,-0.005041585540771609,-0.05290983486225704,-0.16017251205444366,-0.2804288835436704,False
resolution_max_b1,4,test_probe,0.2,2.114297505187989,0.3952713012695312,2.1076355224609373,0.18695159990475718,0.9968490797956746,-0.6521782196044921,-0.23574333718522447,-0.02544284439086908,-0.060475371825045546,-0.6419954208374028,-0.23348421445508336,False
resolution_max_b1,4,test_probe,0.25,3.523783355712891,0.6361116653442382,3.5122147125244134,0.18051951585302484,0.9967169822827723,-0.9389515960693355,-0.2103982437259372,-0.04321841430664053,-0.06361916776723818,-0.9411499084472656,-0.21133457251966858,False
resolution_max_b1,4,test_probe,0.35,7.499364297485352,1.2666701904296875,7.458142129516601,0.1689036750560872,0.9945032450307056,-1.4098865264892577,-0.15824972877576668,-0.07557590789794943,-0.05630555230677352,-1.4550965545654329,-0.16325116000360895,False
resolution_max_b1,4,test_probe,0.5,17.377479492187497,2.2790189834594727,17.232682580566408,0.13114784480016597,0.9916675538770633,-1.8646055358886713,-0.09690246837429631,-0.11799800262451177,-0.049227019795669257,-1.9883623413085907,-0.10344715125480428,False
resolution_max_b1,4,train_probe,0.005,0.0011372058868408,0.0004373764038085,0.0010079311370849,0.3846061727868361,0.8863224757699504,-0.0003646036148071,-0.24277620724001883,-0.00011399250030520004,-0.20674452159836199,-0.00045537109374999994,-0.311194149885348,False
resolution_max_b1,4,train_probe,0.01,0.0044047187805175,0.0015972003936767,0.0041100490570068,0.36261120704033883,0.9331013537540573,-0.0016402259826660001,-0.27133845666477097,-0.0006179618835449,-0.2789691256028375,-0.0017658273696899004,-0.3005215292933948,False
resolution_max_b1,4,train_probe,0.02,0.017611273574829,0.0061437316894531,0.0168968101501464,0.34885220897562225,0.9594314731613873,-0.0067197174072266,-0.2761793554640858,-0.0025629528045654007,-0.2943661052983086,-0.007164094543457098,-0.297748344656452,False
resolution_max_b1,4,train_probe,0.025,0.027547151184082,0.0095130943298339,0.0265444458007812,0.3453385893250188,0.963600396403959,-0.010773826980590803,-0.28114697214391404,-0.003934697341919001,-0.2925905931591606,-0.0113673986434937,-0.29983765786447514,False
resolution_max_b1,4,train_probe,0.05,0.1114117496490478,0.036478611755371,0.1090100326538086,0.3274215858765375,0.978442875165279,-0.0493686483383179,-0.30705638844231087,-0.014987348175048897,-0.29120895044629974,-0.0497220113754272,-0.3132449511345626,False
resolution_max_b1,4,train_probe,0.1,0.4851343719482422,0.1344110473632812,0.4798438240051269,0.27705941927697747,0.9890946751064676,-0.22440680999755852,-0.31627031060009725,-0.057567713165283224,-0.2998650111438643,-0.21810124664306646,-0.3124905609556239,False
resolution_max_b1,4,train_probe,0.2,2.298009310913085,0.5068849609375,2.289517137145996,0.22057567762251393,0.9963045520630572,-0.826777436828614,-0.2645868353820083,-0.1798796363830566,-0.26192328067705467,-0.8138448944091801,-0.26224619819858436,False
resolution_max_b1,4,train_probe,0.25,3.7495167327880856,0.7788164962768553,3.735518846130371,0.20771116700624478,0.9962667491158771,-1.1689136840820322,-0.23765990062046657,-0.24232258758544956,-0.2373061529178776,-1.168750779724121,-0.23831291280615194,False
resolution_max_b1,4,train_probe,0.35,7.778207467651367,1.4529082122802732,7.735743322753906,0.18679216494581102,0.9945406258351858,-1.7032440460205098,-0.17963958825971948,-0.34070927581787114,-0.18995648630697784,-1.746894436645511,-0.18422030672994416,False
resolution_max_b1,4,train_probe,0.5,17.72875486145019,2.492992886352539,17.58172359619141,0.14061861116785812,0.9917066220155997,-2.193629885864265,-0.1101088004115555,-0.4366389556884771,-0.1490422617008011,-2.3171068878173813,-0.11644437544605789,False
gaussian_postrelu,0,test_probe,0.005,0.0010864807128906,0.000339492034912,0.0007735050201415,0.31246945379156876,0.7119362644584615,5.057983398440002e-05,0.04882690517437044,0.0001767936706542,1.0866345919376645,-0.00025467567443849995,-0.24769544476083755,False
gaussian_postrelu,0,test_probe,0.01,0.0041089622497558,0.0011923984527587,0.0036172382354736,0.2901945504195288,0.8803289043817757,-0.0002553276062012,-0.05850381496836026,0.0005596073150634,0.8843475860005813,-0.0006851924896240005,-0.15925706499515035,True
gaussian_postrelu,0,test_probe,0.02,0.0166953479766845,0.0048908836364745,0.0162782810211181,0.29294888871467367,0.9750189719825639,-0.002088317489624101,-0.11117731485208891,0.0019100677490234003,0.640786892295016,-0.0018436450958251999,-0.10173560381649846,True
gaussian_postrelu,0,test_probe,0.025,0.0265984420776366,0.0078180358886718,0.0261447422027587,0.29392833857908685,0.9829426147007551,-0.003342620849609502,-0.11164001951873748,0.0028610527038574005,0.5771761971317892,-0.0028163661956786996,-0.09724649198269832,True
gaussian_postrelu,0,test_probe,0.05,0.1206230911254882,0.0356124103546142,0.1185835060119628,0.2952370895350827,0.9830912547962848,-0.007278184509277405,-0.05690470617401003,0.013795174026489204,0.6323062105123549,-0.00539131164550781,-0.04348715124069339,True
gaussian_postrelu,0,test_probe,0.1,0.6110621963500975,0.1688264678955077,0.5984596382141113,0.2762836073053053,0.9793759813464785,0.021683016967773194,0.03678958763100052,0.0778624443054198,0.8559696595688436,0.024984284973144533,0.04356644942445585,False
gaussian_postrelu,0,test_probe,0.2,2.855716011047363,0.6609234962463377,2.804202394104004,0.23143880332972508,0.9819612255756252,-0.15111836853027372,-0.05025829475566292,0.2781323020935057,0.726590126267271,-0.13473662109374995,-0.0458453273092786,True
gaussian_postrelu,0,test_probe,0.25,4.386132296752931,0.979575343322754,4.317133792114258,0.223334655009822,0.9842689412971531,-0.559563912963867,-0.1131415859842934,0.3632738845825195,0.5894418704201643,-0.5287945129394531,-0.1091214066019064,True
gaussian_postrelu,0,test_probe,0.35,8.02552594909668,1.6592477600097657,7.926595864868164,0.20674629557412666,0.987673071539984,-1.961006466674803,-0.19636510302393193,0.438100073242188,0.3587609246526559,-1.903098883056641,-0.19360711923006702,True
gaussian_postrelu,0,test_probe,0.5,16.25614627380371,2.53033681640625,16.047288723754882,0.15565416143454683,0.9871520871840703,-5.595148275756838,-0.25605568874038914,0.3098912292480467,0.13956263150075895,-5.523174874877935,-0.2560526735840766,True
gaussian_postrelu,0,train_probe,0.005,0.001471039199829,0.0006034698486328,0.0013641761779785,0.41023369649357405,0.9273554220289151,-8.734588623049997e-05,-0.05604897468016776,6.78895950318e-05,0.1267589582986695,-6.52534484863001e-05,-0.04564999023259505,True
gaussian_postrelu,0,train_probe,0.01,0.0060174629211425,0.0025269897460937,0.005611668395996,0.4199427199152422,0.9325638511671204,-9.224967956549934e-05,-0.015098857441315545,0.00044236087799070026,0.21220126266084288,-0.00017135181427010027,-0.02963016002709347,True
gaussian_postrelu,0,train_probe,0.02,0.0235869506835937,0.0096478576660156,0.02254885597229,0.40903369814252116,0.9559886004244812,-0.0005175085067748997,-0.02146940956807196,0.0015809120178222995,0.19597405099368256,-0.0007762222290038992,-0.03327844058249889,True
gaussian_postrelu,0,train_probe,0.025,0.0368668117523193,0.0149697845458984,0.0354719909667968,0.40605042406349784,0.9621659503703963,-0.0007898027420043946,-0.020973811709054414,0.0025707569122313985,0.20733536436768948,-0.0011213037490844999,-0.030642328267803116,True
gaussian_postrelu,0,train_probe,0.05,0.1553955631256103,0.0603203784942627,0.1508229793548584,0.38817310662534277,0.9705745538754169,0.00044753379821768635,0.0028882832531679625,0.013963567352295002,0.3012193248049696,-0.0007283409118652162,-0.004805902783185052,False
gaussian_postrelu,0,train_probe,0.1,0.7020957527160644,0.2392736679077148,0.6856595066070557,0.34079919581066004,0.9765897371613131,0.009433236694335934,0.013618806382818639,0.06701348495483397,0.3890248100639978,0.007490406417846707,0.011045042329054636,False
gaussian_postrelu,0,train_probe,0.2,3.023672866821289,0.8182881034851073,2.970710043334961,0.2706271939878711,0.982483943925453,-0.33204926300048854,-0.09895016635901367,0.19506256866455063,0.3129887300280698,-0.321524787902832,-0.09766155951334347,True
gaussian_postrelu,0,train_probe,0.25,4.5835734375,1.163569268035889,4.512523796081543,0.2538563598689781,0.9844990720914009,-0.8091978851318355,-0.15005232685018108,0.22805771560668986,0.24377862038635767,-0.7848952133178715,-0.1481655900590838,True
gaussian_postrelu,0,train_probe,0.35,8.273402243041991,1.8806198852539064,8.172192950439452,0.22730913232648944,0.9877669077811784,-2.2493543762207047,-0.21376094284107006,0.2114863571166996,0.12670427713037644,-2.1994162017822276,-0.2120612307600403,True
gaussian_postrelu,0,train_probe,0.5,16.54464121398926,2.793259866333007,16.332534298706054,0.16883169784130325,0.9871797210625602,-5.861499871826176,-0.26160238165852184,0.03267929687499915,0.011837834851317224,-5.7965328186035165,-0.2619420325256012,True
gaussian_postrelu,1,test_probe,0.005,0.0011345317840576,0.0004708103179931,0.0010428688049317,0.41498204334943256,0.9192063365575608,-0.00024063529968260003,-0.1749862271485706,0.0003191951751708,2.105298779719593,-0.00020606613159169997,-0.16499348810380493,True
gaussian_postrelu,1,test_probe,0.01,0.0044491668701172,0.0016946739196777,0.0044716037750244,0.38089691152291144,1.0050429452439507,-0.0011154014587402006,-0.20044707744099735,0.0008416168212889999,0.9865890839882709,-0.0010576236724852998,-0.19127874237867376,True
gaussian_postrelu,1,test_probe,0.02,0.0185529682159424,0.0070962520599365,0.0190821449279785,0.3824860786339705,1.028522482541709,-0.004794779586791999,-0.20536368763716273,0.0030853885650635,0.7692579338607473,-0.004546823883056602,-0.1924258277802273,True
gaussian_postrelu,1,test_probe,0.025,0.0295807289123535,0.0113699569702148,0.0303879081726074,0.3843704123689285,1.0272873350296925,-0.007233659362793,-0.19649000572084652,0.0048484970092773,0.7434680329740609,-0.0067854614257812015,-0.18253554894510665,True
gaussian_postrelu,1,test_probe,0.05,0.1329453163146973,0.0502596466064453,0.1355618972778321,0.3780475160740132,1.01968163328854,-0.021435312652587885,-0.13884716493239735,0.023276522827148403,0.862632622432232,-0.0190479927062987,-0.12320035094943661,True
gaussian_postrelu,1,test_probe,0.1,0.6192020805358887,0.2179990280151367,0.6246532310485841,0.35206443076946603,1.0088035080695752,-0.0924859901428221,-0.12995298636187846,0.1065685928344727,0.9563688112829434,-0.08738433609008778,-0.12272433383148922,True
gaussian_postrelu,1,test_probe,0.2,2.6508831146240235,0.7564304016113282,2.6750964324951174,0.28535034134034737,1.0091340571515648,-0.7758935424804689,-0.2264208088589211,0.25931533050537126,0.5216404522366609,-0.757630786132812,-0.22070812443863194,True
gaussian_postrelu,1,test_probe,0.25,4.113316583251954,1.084013331604004,4.158368615722656,0.26353753951683245,1.010952726725227,-1.3066653900146488,-0.24108297711313725,0.2875016174316407,0.3609508966611708,-1.2743169616699213,-0.234564828668316,True
gaussian_postrelu,1,test_probe,0.35,7.873771276855469,1.7556593185424805,7.987619857788085,0.22297565636725408,1.0144592187059418,-2.3577420471191415,-0.2304392295120655,0.25521817779541056,0.17009542784753115,-2.2799470733642586,-0.22205329545471753,True
gaussian_postrelu,1,test_probe,0.5,16.859353729248042,2.585156329345703,17.126036285400392,0.15333662077810892,1.015818077041097,-4.361245941162117,-0.20551944850283402,0.08624422912597662,0.03451271019832721,-4.237751525878899,-0.19836143118972202,True
gaussian_postrelu,1,train_probe,0.005,0.0015319004058838,0.0007097232818603,0.0014937507629394,0.4632959682851177,0.9750965253368478,-0.0003539125442504,-0.18767107534456934,2.9993057250999157e-06,0.0042439563767200286,-0.00040612487792969997,-0.2137639270662567,True
gaussian_postrelu,1,train_probe,0.01,0.0061052787780761,0.0027775787353515,0.0061128047943115,0.45494707716307964,1.0012327064019462,-0.0012547330856323,-0.17047976400952333,0.0001030080795287997,0.03851387485484631,-0.0012846290588379005,-0.1736587422530287,True
gaussian_postrelu,1,train_probe,0.02,0.0243008689880371,0.0109786296844482,0.0243583068847656,0.4517793042649129,1.002363614929029,-0.004738682746887199,-0.1631802994117241,0.0008619750976562989,0.08520357102847775,-0.0047125274658203,-0.16210499530177133,True
gaussian_postrelu,1,train_probe,0.025,0.038040005493164,0.0171133487701416,0.0381807186126708,0.4498776629571456,1.0036990825233212,-0.007239738273620601,-0.1598891175468926,0.001575924110412701,0.10142762683814024,-0.007122184753417998,-0.1572125454270391,True
gaussian_postrelu,1,train_probe,0.05,0.1588917137145996,0.0707335948944092,0.1599790134429931,0.44516855687931267,1.006843023484198,-0.026173699951171803,-0.141429451525943,0.012794061660766694,0.22081747895990714,-0.02507134628295901,-0.13548391000205615,True
gaussian_postrelu,1,train_probe,0.1,0.676634009552002,0.272630818939209,0.68097783203125,0.4029221338131042,1.0064197519159936,-0.14253093719482413,-0.1739954056394398,0.06202952690124519,0.29453535778908474,-0.13855790481567376,-0.16906877709660412,True
gaussian_postrelu,1,train_probe,0.2,2.795087522888183,0.8728888389587401,2.817241082763672,0.31229391989012856,1.0079258912982436,-0.9600041503906258,-0.2556539850203937,0.12245005798339847,0.16317128203882364,-0.9473352035522473,-0.2516445760431983,True
gaussian_postrelu,1,train_probe,0.25,4.304346243286134,1.226308046722412,4.348049581909179,0.28489995400235096,1.01015330462581,-1.5403858657836906,-0.26355114948610353,0.11529131240844714,0.10377099538436539,-1.5133236907959002,-0.2581858585671489,True
gaussian_postrelu,1,train_probe,0.35,8.141311810302735,1.9425138275146483,8.256091571044923,0.23859961057583123,1.0140984356595868,-2.6115501541137682,-0.24287023889602047,0.03204432220458986,0.01677300899884777,-2.5368573669433587,-0.2350476576438069,True
gaussian_postrelu,1,train_probe,0.5,17.195633517456052,2.815381951904297,17.46246937866211,0.16372656169057556,1.0155176522537062,-4.660211405944828,-0.21322494839607764,-0.15474079437255872,-0.0520991243767724,-4.540335540771487,-0.20635257901874657,False
gaussian_postrelu,2,test_probe,0.005,0.0010457862854004,0.0003971168518066,0.0011344696044922,0.37973040701576605,1.0848006139780708,-0.00037146377563469996,-0.2621017884193269,0.00013636322021480003,0.5229580864602167,-0.00026206359863270015,-0.18765296667941972,True
gaussian_postrelu,2,test_probe,0.01,0.0040259231567383,0.001515699005127,0.0041821166992188,0.37648483245144215,1.038796950761237,-0.0015044532775879,-0.2720345161768716,0.0004987854003907,0.49048945561116974,-0.0015086746215819003,-0.26510805554711997,True
gaussian_postrelu,2,test_probe,0.02,0.0160517318725586,0.0057549949645996,0.0165140655517578,0.35852797755973664,1.028802728756614,-0.006571073913574199,-0.2904623756970985,0.0015067062377929997,0.35466192028939075,-0.006203449249267499,-0.27306900880669926,True
gaussian_postrelu,2,test_probe,0.025,0.025249560546875,0.0090390769958496,0.025950772857666,0.35798947783938034,1.0277712679192663,-0.010361668395996101,-0.29096632448766896,0.002171562957763701,0.31620801147556954,-0.009726368713378796,-0.2726218605268707,True
gaussian_postrelu,2,test_probe,0.05,0.1117276252746582,0.0397363586425781,0.1140945373535156,0.3556538371319972,1.0211846629071266,-0.034909120941162095,-0.2380652997426905,0.011215426635742202,0.39323492770341756,-0.03299918212890621,-0.2243412039957948,True
gaussian_postrelu,2,test_probe,0.1,0.5401456451416016,0.1794918731689453,0.5461786415100098,0.33230273127887705,1.0111692030152843,-0.11682560119628915,-0.17782452709688895,0.0684131652832031,0.6158981013136582,-0.1152196090698242,-0.17420609892574343,True
gaussian_postrelu,2,test_probe,0.2,2.5006299789428708,0.7094660987854005,2.5218291809082034,0.28371494573752326,1.00847754451632,-0.6310115386962893,-0.20149545698065335,0.23610140075683594,0.49877272584992965,-0.6415584533691403,-0.20280741013761355,True
gaussian_postrelu,2,test_probe,0.25,3.947413549804688,1.0406131759643558,3.980065005493164,0.26361899072263245,1.0082716075416247,-0.9561932250976559,-0.1949979411056464,0.2829813949584965,0.37350782009540334,-0.9771374816894527,-0.19711470011885684,True
gaussian_postrelu,2,test_probe,0.35,7.785783486938475,1.7263090255737308,7.860119451904296,0.2217257940025956,1.0095476537577148,-1.2644242340087937,-0.1397121782168828,0.2568863662719727,0.17482129096473867,-1.2981867309570312,-0.14174965381550925,True
gaussian_postrelu,2,test_probe,0.5,17.740930053710937,2.587735293579102,17.966798071289062,0.14586243707318014,1.0127314642972103,-1.9118332275390628,-0.09728063174520983,0.027421310424804446,0.010710135790072706,-1.9224725708007817,-0.09665877675435865,True
gaussian_postrelu,2,train_probe,0.005,0.0012698291778564,0.0005857154846191,0.0012814611434936,0.46125533641292354,1.0091602601673053,-0.0005552764892578,-0.3042434743714241,-0.0001675281524658001,-0.22240898458053296,-0.0005550722122191999,-0.30223911288764144,False
gaussian_postrelu,2,train_probe,0.01,0.005158050918579,0.0024328071594238,0.0052022016525268,0.4716524124763813,1.0085595769884264,-0.0017628774642945,-0.2547169059944196,-0.00029854602813719983,-0.10930334073851163,-0.0018252506256104,-0.2597314863722173,False
gaussian_postrelu,2,train_probe,0.02,0.0207381275177001,0.0097798624038696,0.020931061553955,0.47158849782953816,1.009303348920496,-0.0062640390396119,-0.23198283094493546,-0.0002580274581909011,-0.02570534860779347,-0.006456235885620099,-0.23573833452769719,False
gaussian_postrelu,2,train_probe,0.025,0.0326351520538329,0.0153482904434203,0.0329598234176635,0.47029933913293015,1.0099485169640101,-0.009473875045776403,-0.22498442016639003,-8.328247070400752e-06,-0.0005423229708476035,-0.009631449317932202,-0.22613668715005802,False
gaussian_postrelu,2,train_probe,0.05,0.1371838180541992,0.061858924293518,0.1386785453796386,0.45091997854352245,1.0108957991302505,-0.034398388671874974,-0.2004775980459965,0.0053118715286255,0.09393719511272922,-0.034277381515503,-0.19818564261336025,True
gaussian_postrelu,2,train_probe,0.1,0.6128272567749024,0.2422924270629882,0.6188186714172363,0.3953682287861825,1.0097766778094446,-0.13600886535644519,-0.18162700935063725,0.037810974121093716,0.18491150946505694,-0.13466211624145508,-0.17872003964413458,True
gaussian_postrelu,2,train_probe,0.2,2.683055284118652,0.8610873291015626,2.704651860046387,0.32093536581167326,1.0080492474588831,-0.6866288528442386,-0.20376653268846137,0.15206468276977558,0.21447084032717476,-0.69635135345459,-0.20474880784889618,True
gaussian_postrelu,2,train_probe,0.25,4.178414436340331,1.231380534362793,4.212016137695312,0.29470043077902514,1.0080417349372388,-1.044197230529786,-0.19993775090606491,0.1860933898925783,0.1780308797224292,-1.0650020050048825,-0.20181890154729165,True
gaussian_postrelu,2,train_probe,0.35,8.095001727294923,1.965846669006348,8.170435345458984,0.24284697338332353,1.0093185425655578,-1.3858138366699215,-0.146170319137648,0.12353921203613316,0.06705678336627958,-1.4202149230957026,-0.14808327728853046,True
gaussian_postrelu,2,train_probe,0.5,18.179045907592773,2.8791360717773435,18.408110852050783,0.1583766324378347,1.0126004932064305,-2.0744680511474662,-0.10242509301711797,-0.1490035552978517,-0.04920630276278592,-2.0844011169433614,-0.10171525677755514,False
gaussian_postrelu,3,test_probe,0.005,0.0013441230773926,0.0005388137817383,0.0014302497863769,0.40086640189492107,1.0640765049219847,2.4695587158299987e-05,0.018716896033380826,0.00025968322753910006,0.9303289218341126,-4.629898071289995e-05,-0.031356215077239076,False
gaussian_postrelu,3,test_probe,0.01,0.0052009857177735,0.0020364814758301,0.0052346382141113,0.3915568290969853,1.0064704073735096,-0.0002951156616209996,-0.053695454513888935,0.0009061935424804998,0.801736898840459,-0.0005353515625000005,-0.09278206430625793,True
gaussian_postrelu,3,test_probe,0.02,0.0220165622711182,0.0085191444396973,0.0216485801696777,0.3869425360231146,0.9832861235596609,-0.00017777595520009765,-0.00800996873109237,0.00379379196167,0.8028590415870521,-0.0010482864379883008,-0.04618639462921441,True
gaussian_postrelu,3,test_probe,0.025,0.0360002372741699,0.0141931873321533,0.0354314796447754,0.39425260517204663,0.9842012810898172,0.001034542846679698,0.029587367378762403,0.0067527622222900005,0.9075774734078421,-0.00018293151855469647,-0.005136446527664326,False
gaussian_postrelu,3,test_probe,0.05,0.1693587295532227,0.0695756851196289,0.1693453453063965,0.41081841664243257,0.9999209710248683,0.026325826263427804,0.1840543375539948,0.0401004631042481,1.360480442974198,0.0234525047302247,0.16075158066430245,False
gaussian_postrelu,3,test_probe,0.1,0.7493936859130859,0.2792771560668945,0.7582806617736817,0.37267081550949294,1.0118588880953376,0.1382321609497067,0.22617942279332715,0.16581060867309572,1.4613171236948876,0.1346890846252442,0.21598926214037573,False
gaussian_postrelu,3,test_probe,0.2,2.938904364013672,0.9089584121704102,2.988171948242188,0.3092847876577523,1.016763929045051,0.07399195861816388,0.025826953200668315,0.46038216934204107,1.0263186619942979,0.06331884002685628,0.021648553853527288,False
gaussian_postrelu,3,test_probe,0.25,4.35108169555664,1.273068522644043,4.428231530761718,0.2925866742387556,1.0177311851634192,-0.2635613220214852,-0.057114130175947714,0.5694453155517579,0.8093043404650967,-0.2795781372070314,-0.05938603234307459,True
gaussian_postrelu,3,test_probe,0.35,7.767714123535157,1.9792230392456056,7.931566754150391,0.2548012205094957,1.0210940603643976,-1.3691237487792947,-0.14984656266342197,0.6365018020629885,0.4740386793900251,-1.3878172607421844,-0.14891727377307584,True
gaussian_postrelu,3,test_probe,0.5,16.553505505371096,2.79337804260254,16.9835209777832,0.16874842864529063,1.0259773056693386,-4.236382751464841,-0.20377130935621424,0.46097951660156333,0.19764183155780743,-4.249487048339848,-0.20013589422241485,True
gaussian_postrelu,3,train_probe,0.005,0.0014365173339843,0.0006747734069824,0.0013216655731201,0.4697286910634485,0.9200484685098445,-0.0001266061782836999,-0.08099563296824945,8.010749816899992e-05,0.13471009012244692,-0.00017003574371329995,-0.11398779487186732,True
gaussian_postrelu,3,train_probe,0.01,0.0059284673690796,0.0028581258773803,0.0057193109512329,0.4821019834379263,0.9647199849766278,-0.00020805644989009987,-0.03390461049738609,0.0005443969726561999,0.23528986976160735,-0.0003443929672241001,-0.05679580861061172,True
gaussian_postrelu,3,train_probe,0.02,0.0254954643249511,0.0124354316711425,0.0251377159118652,0.4877507431379699,0.9859681546283591,0.0009871671676634983,0.04027889662542147,0.003570757484435999,0.40280752673242304,0.00041644344329840044,0.016845550479972663,False
gaussian_postrelu,3,train_probe,0.025,0.0412880611419677,0.0202662288665771,0.0408926357269287,0.49084961381190334,0.9904227661919182,0.002709851455688403,0.07024305891136744,0.006593731117248499,0.482262366258008,0.0018680507659913012,0.047868562032400135,False
gaussian_postrelu,3,train_probe,0.05,0.1872186138153076,0.0896708839416504,0.1878604877471923,0.47896350749670286,1.0034284728361353,0.025226590538024896,0.15572736254330494,0.037967170143127504,0.7343219152704689,0.02384964714050289,0.14541506556689246,False
gaussian_postrelu,3,train_probe,0.1,0.8186009765625,0.3372250621795655,0.827458792114258,0.41195291947445956,1.010820675524911,0.103266022491455,0.14436037537905483,0.147989569091797,0.782039176039553,0.1010692211151124,0.13913914124082502,False
gaussian_postrelu,3,train_probe,0.2,3.1072865234375,1.0436152420043947,3.158526773071289,0.3358606405082573,1.0164903523531854,-0.09768348541259808,-0.03047875179576038,0.36546992340087914,0.5389256747410429,-0.10981007995605507,-0.03359815248368353,True
gaussian_postrelu,3,train_probe,0.25,4.558054818725587,1.4353501358032228,4.639424145507812,0.3149040967884938,1.0178517657242603,-0.4650083511352525,-0.09257465721820402,0.4269353645324707,0.4233727794312938,-0.48233470611572393,-0.09417364621976095,True
gaussian_postrelu,3,train_probe,0.35,8.020459149169923,2.179797729492188,8.189367953491212,0.27177966858889696,1.0210597424885295,-1.6050042495727528,-0.16674566024347526,0.4090508026123054,0.23100466611175605,-1.6246500091552711,-0.16554381858061754,True
gaussian_postrelu,3,train_probe,0.5,16.88550637817383,3.028957794189453,17.32046706848145,0.17938211187463574,1.025759410500703,-4.551947352600095,-0.21233619485627983,0.17981249847412117,0.06311103148882263,-4.5661916473388615,-0.20862899662424425,True
gaussian_postrelu,4,test_probe,0.005,0.0014223037719726,0.0006074478149414,0.0013608314514159,0.4270872558391149,0.9567797528432033,0.00025342102050779987,0.21680619394051467,0.0004395797729491999,2.6186030868795447,0.00020884475707999995,0.18129094555245298,False
gaussian_postrelu,4,test_probe,0.01,0.0054107185363769,0.0022497367858887,0.0051777992248534,0.41579261067886897,0.956952240269466,0.0006013549804686994,0.12503837014566047,0.0013415328979493,1.4771274553702571,0.0006842750549315001,0.15228026579044598,False
gaussian_postrelu,4,test_probe,0.02,0.0211192115783691,0.0082837593078613,0.0206954635620116,0.392238094548272,0.9799354244458863,0.0015812057495117014,0.0809297409040732,0.004750099182128901,1.3442433661172712,0.0018360893249510027,0.09735685298311221,False
gaussian_postrelu,4,test_probe,0.025,0.0335581047058105,0.0129474540710449,0.0331138359069824,0.38582197011868435,0.986761207084762,0.002670333099365197,0.08645275979727793,0.007471556091308599,1.3644439905486339,0.0030783447265625014,0.10249024089771738,False
gaussian_postrelu,4,test_probe,0.05,0.1493241859436035,0.056035033416748,0.1481182647705077,0.3752575851169295,0.9919241403160822,0.019262953186035187,0.14810680152433253,0.0336150131225586,1.4993301826435281,0.021120819091796722,0.16630900707428384,False
gaussian_postrelu,4,test_probe,0.1,0.6660644218444824,0.2335267272949219,0.6626323753356933,0.35060681765321405,0.9948472754342815,0.0830999168395995,0.14254712958708085,0.1382403678894043,1.4507886412270614,0.09146256561279276,0.1601320028752312,False
gaussian_postrelu,4,test_probe,0.2,2.678683792114258,0.7692023010253907,2.670913386535644,0.28715681309224894,0.9970991702710528,-0.08779193267822283,-0.03173421400066985,0.3484881553649904,0.8283252630309451,-0.0787175567626961,-0.028628408097659052,True
gaussian_postrelu,4,test_probe,0.25,4.031790267944336,1.0896999649047854,4.02362839050293,0.2702769470844484,0.9979756195389679,-0.43094468383789053,-0.09656515309424539,0.4103698852539066,0.6040802513334959,-0.4297362304687491,-0.09649697858671742,True
gaussian_postrelu,4,test_probe,0.35,7.316030627441407,1.7415768966674807,7.30789620361328,0.2380494267116747,0.9988881369908956,-1.5932201965332027,-0.17882762849664982,0.39933079833984375,0.2975093753950095,-1.605342480468753,-0.1801076508066255,True
gaussian_postrelu,4,test_probe,0.5,15.153700323486328,2.553141012573242,15.080208270263672,0.16848300798295415,0.9951502239285573,-4.08838470458984,-0.21247098215315383,0.1561240264892576,0.0651326325160165,-4.140836651611327,-0.21543244232777076,True
gaussian_postrelu,4,train_probe,0.005,0.0015192985534667,0.0006662439346313,0.0015105131149291,0.43852074571589644,0.9942174377000798,1.748905181879999e-05,0.01164531972903998,0.00011487503051760002,0.20834513818340247,4.7210884094200196e-05,0.03226324890331344,False
gaussian_postrelu,4,train_probe,0.01,0.0062143913269042,0.0027705530166626,0.006171837234497,0.44582854070807215,0.993152331391979,0.0001694465637207005,0.02803111862207711,0.000555390739441,0.25072237151745247,0.00029596080780030024,0.05036879374379278,False
gaussian_postrelu,4,train_probe,0.02,0.025590867614746,0.0116810445785522,0.0254987091064453,0.4564536362894291,0.9963987735903257,0.0012598766326904001,0.05178073649443931,0.0029743600845337,0.3416179932300393,0.0014378044128417998,0.05975687245143507,False
gaussian_postrelu,4,train_probe,0.025,0.0406455278396606,0.0186703081130981,0.0404176193237304,0.4593447079036384,0.9943927775565061,0.002324549674987797,0.060659977545425604,0.0052225164413452,0.3883549484422116,0.002505774879455497,0.06609477634723457,False
gaussian_postrelu,4,train_probe,0.05,0.1753868545532226,0.077427342224121,0.1734377281188965,0.4414660518392787,0.9888867016898657,0.014606456565856879,0.09084724723100057,0.025961382293701096,0.5044379300182089,0.014705684089660692,0.0926447093880562,False
gaussian_postrelu,4,train_probe,0.1,0.7472156486511231,0.2947167381286621,0.7405336059570312,0.3944199223620196,0.9910574106602902,0.037674466705322374,0.05309694160669618,0.1027379776000977,0.5351528331427652,0.04258853530883788,0.06101989554748942,False
gaussian_postrelu,4,train_probe,0.2,2.879091624450684,0.916381238555908,2.8665653350830085,0.3182883207931074,0.9956492216985052,-0.24569512329101517,-0.0786278050713638,0.22961664123535142,0.3343454833449645,-0.2367966964721675,-0.07630327820744216,True
gaussian_postrelu,4,train_probe,0.25,4.276998251342773,1.2671885437011716,4.265108052062988,0.2962798835148775,0.9972199662985478,-0.6414321655273447,-0.13041399616577787,0.24604945983886672,0.24095587342345343,-0.6391615737915037,-0.13032757628617123,True
gaussian_postrelu,4,train_probe,0.35,7.609458551025391,1.9646809631347653,7.601796968078612,0.25818932450456944,0.9989931500519513,-1.8719929626464857,-0.1974373818130216,0.1710634750366209,0.0953734428727094,-1.8808407913208045,-0.19834573871141184,True
gaussian_postrelu,4,train_probe,0.5,15.47001575317383,2.813730688476563,15.392398377990723,0.18188285864539588,0.9949827216454397,-4.4523689941406275,-0.22348574483488018,-0.11590115356445319,-0.039561678672807965,-4.506432106018067,-0.22646718407092073,False
resolution_max_b1_gaussian_conv,0,test_probe,0.005,0.0006834442138672,0.0001764587402344,0.0007077190399169,0.2581904077231499,1.035518372322363,-0.000352456665039,-0.34024168935077687,1.3760375976600009e-05,0.08457599459817751,-0.00032046165466309996,-0.3116783424862931,True
resolution_max_b1_gaussian_conv,0,test_probe,0.01,0.0027682632446289,0.0006990386962891,0.0028073623657226,0.2525188663489298,1.014124061781177,-0.0015960266113281,-0.3657013314891579,6.624755859379998e-05,0.10469103413028413,-0.0014950683593750002,-0.34749388308653933,True
resolution_max_b1_gaussian_conv,0,test_probe,0.02,0.0111530162811279,0.0028745708465576,0.0112434226989746,0.25773932128312965,1.0081060060855176,-0.0076306491851807,-0.406238558649133,-0.0001062450408935,-0.03564293968667427,-0.006878503417968699,-0.3795680091388059,False
resolution_max_b1_gaussian_conv,0,test_probe,0.025,0.0173974430084228,0.0044323162078857,0.0175303256988524,0.2547682556419261,1.0076380586713385,-0.012543619918823301,-0.4189437078203633,-0.0005246669769286994,-0.10584400982759115,-0.011430782699585001,-0.39469424106025414,False
resolution_max_b1_gaussian_conv,0,test_probe,0.05,0.0717195468902588,0.0166591659545898,0.0722243408203124,0.2322820859434697,1.007038442822652,-0.056181728744506804,-0.4392585489525463,-0.0051580703735352,-0.23642180411667618,-0.05175047683715821,-0.41742732770246405,False
resolution_max_b1_gaussian_conv,0,test_probe,0.1,0.3276944534301759,0.068613500213623,0.3284506851196289,0.20938254979723955,1.002307734175959,-0.2616847259521484,-0.44400062829908044,-0.022350523376464898,-0.24570728618143903,-0.24502466812133789,-0.4272627702944746,False
resolution_max_b1_gaussian_conv,0,test_probe,0.2,1.7103921035766605,0.3103053741455079,1.712744808959961,0.18142353060249608,1.0013755356905476,-1.2964422760009764,-0.4311651765080206,-0.07248582000732412,-0.1893612525955434,-1.226194206237793,-0.41722342651444416,False
resolution_max_b1_gaussian_conv,0,test_probe,0.25,2.915283674621582,0.510620088195801,2.9186692474365232,0.17515279649829682,1.0011613184831423,-2.0304125350952154,-0.4105412967149233,-0.1056813705444335,-0.17147674899302365,-1.9272590576171877,-0.3977068863374004,False
resolution_max_b1_gaussian_conv,0,test_probe,0.35,6.313448553466797,1.055015951538086,6.305434338378907,0.16710612949538695,0.9987306121179226,-3.6730838623046864,-0.36780372900045627,-0.16613173522949176,-0.1360455717434543,-3.5242604095458976,-0.35853202972451625,False
resolution_max_b1_gaussian_conv,0,test_probe,0.5,14.896355700683596,2.0021088241577147,14.809509460449217,0.1344025924452004,0.9941699673410461,-6.954938848876953,-0.3182849800089681,-0.21833676300048843,-0.0983301569122992,-6.7609541381836,-0.3134357361986473,False
resolution_max_b1_gaussian_conv,0,train_probe,0.005,0.00082280960083,0.0002735996246337,0.0008306488037109,0.3325187556850448,1.0095273595167003,-0.0007355754852295001,-0.4720113737031845,-0.00026198062896730005,-0.48915289017072694,-0.0005987808227539,-0.418894929605438,False
resolution_max_b1_gaussian_conv,0,train_probe,0.01,0.003272843170166,0.0011152973175048,0.0032625896453857,0.34077322362141527,0.9968670894854458,-0.0028368694305419997,-0.46432125632443993,-0.0009693315505982,-0.46498998715310225,-0.0025204305648804004,-0.4358329165798342,False
resolution_max_b1_gaussian_conv,0,train_probe,0.02,0.0129127647399902,0.0043136360168457,0.0128529270172118,0.3340598317792146,0.9953660022479086,-0.011191694450378402,-0.4642997530867756,-0.0037533096313476,-0.4652702268036482,-0.010472151184082101,-0.44896531937462847,False
resolution_max_b1_gaussian_conv,0,train_probe,0.025,0.0200503158569335,0.0066356582641601,0.0200274223327636,0.33095031078353093,0.9988581963330029,-0.0176062986373902,-0.46754863319017026,-0.005763369369506901,-0.4648243023394561,-0.016565872383117696,-0.4527024011294669,False
resolution_max_b1_gaussian_conv,0,train_probe,0.05,0.0802363437652588,0.0253907947540283,0.0804739685058593,0.3164500469801087,1.002961559929696,-0.0747116855621338,-0.48217254447472885,-0.0209660163879394,-0.4522747762724876,-0.0710773517608643,-0.4689985652105921,False
resolution_max_b1_gaussian_conv,0,train_probe,0.1,0.3474148071289062,0.0967705383300781,0.3485693943023681,0.27854465711984455,1.0033233677718103,-0.34524770889282225,-0.49843567524879895,-0.0754896446228027,-0.4382303752890577,-0.32959970588684084,-0.4860140425078091,False
resolution_max_b1_gaussian_conv,0,train_probe,0.2,1.773971555328369,0.3872781204223633,1.781964908599853,0.21831134736017604,1.0045059083655963,-1.5817505744934084,-0.47135922263546154,-0.23594741439819333,-0.3785907367645469,-1.51026992263794,-0.4587369978313845,False
resolution_max_b1_gaussian_conv,0,train_probe,0.25,3.0077093017578123,0.615900210571289,3.018059425354003,0.20477384905892834,1.0034411981204905,-2.3850620208740234,-0.44227019433674797,-0.31961134185791007,-0.3416433939570177,-2.279359584045411,-0.4302773822499326,False
resolution_max_b1_gaussian_conv,0,train_probe,0.35,6.46399451599121,1.211617367553711,6.462646505737306,0.1874409646475261,0.9997914586328052,-4.058762103271485,-0.38571281747993835,-0.45751616058349587,-0.2741039904063846,-3.9089626464843743,-0.37689066268439586,False
resolution_max_b1_gaussian_conv,0,train_probe,0.5,15.125992004394533,2.204276316833496,15.04497927856445,0.14572771929226797,0.9946441379972601,-7.280149081420902,-0.3249175774417361,-0.5563042526245119,-0.20151712244128872,-7.084087838745122,-0.3201259140835575,False
resolution_max_b1_gaussian_conv,1,test_probe,0.005,0.0008137390136718,0.0001866996765136,0.0008281257629394,0.2294343436615666,1.0176798076851241,-0.0005614280700684,-0.4082617135813195,3.508453369129998e-05,0.2314052082015362,-0.000420809173584,-0.3369344241065001,True
resolution_max_b1_gaussian_conv,1,test_probe,0.01,0.0032891944885253,0.0007331222534179,0.003319017791748,0.22288808277390523,1.0090670537503155,-0.0022753738403321,-0.4089039267488542,-0.00011993484497080007,-0.14059415858251392,-0.0022102096557616996,-0.3997320921853473,False
resolution_max_b1_gaussian_conv,1,test_probe,0.02,0.0133664138793944,0.0030300842285155,0.0135828865051269,0.22669388033739277,1.016195265812187,-0.009981333923339998,-0.42750735564185866,-0.0009807792663575,-0.2445307020822845,-0.010046082305908201,-0.42515957366774815,False
resolution_max_b1_gaussian_conv,1,test_probe,0.025,0.0211332351684569,0.004804856109619,0.0214557395935058,0.2273601780001315,1.0152605326386688,-0.015681153106689598,-0.42595174988350926,-0.0017166038513184998,-0.2632238580932309,-0.0157176300048828,-0.42281961992393957,False
resolution_max_b1_gaussian_conv,1,test_probe,0.05,0.08909107131958,0.0197290740966796,0.0901230735778808,0.22144838763818572,1.0115836777245488,-0.0652895576477052,-0.4229128879993144,-0.007254049682617298,-0.2688365417566312,-0.06448681640625001,-0.4170937345138073,False
resolution_max_b1_gaussian_conv,1,test_probe,0.1,0.4076042251586914,0.0827734153747558,0.4130840927124023,0.20307300627840613,1.0134440891813068,-0.3040838455200194,-0.42727124150054363,-0.028657019805908207,-0.25717408138491166,-0.2989534744262695,-0.41985632250783655,False
resolution_max_b1_gaussian_conv,1,test_probe,0.2,2.139122506713868,0.3548010452270507,2.176922720336914,0.16586289196316203,1.017670897063822,-1.2876541503906243,-0.37576249614080404,-0.1423140258789063,-0.28627984575541654,-1.2558044982910155,-0.36583288397525626,False
resolution_max_b1_gaussian_conv,1,test_probe,0.25,3.550029940795897,0.5764079444885253,3.614455346679688,0.16236706565897238,1.0181478485979607,-1.8699520324707053,-0.34501074758071426,-0.22010376968383794,-0.27633462982090934,-1.8182302307128895,-0.33468350133849467,False
resolution_max_b1_gaussian_conv,1,test_probe,0.35,7.085593881225586,1.1764837020874024,7.215688772583007,0.1660388277692127,1.0183604781106814,-3.1459194427490242,-0.3074735225509081,-0.32395743865966753,-0.2159081285243679,-3.0518781585693366,-0.29723479564664695,False
resolution_max_b1_gaussian_conv,1,test_probe,0.5,15.784802545166016,2.155922155761719,16.09538421020508,0.13658214282965198,1.0196759930414319,-5.435797125244143,-0.25615662185191573,-0.34298994445800757,-0.1372557059641469,-5.268403601074212,-0.2466043778197745,False
resolution_max_b1_gaussian_conv,1,train_probe,0.005,0.0009050060272216,0.0003010440826416,0.0010327156066894,0.33264317980932767,1.1411146176118547,-0.0009808069229126,-0.5200976707911582,-0.00040567989349360006,-0.5740287682216563,-0.0008671600341797002,-0.4564298923181187,False
resolution_max_b1_gaussian_conv,1,train_probe,0.01,0.0038437957763671,0.0012826911926269,0.0040437088012695,0.3337043035723439,1.0520092732635615,-0.0035162160873412995,-0.47774598091063764,-0.0013918794631958002,-0.5204122987611471,-0.0033537250518799,-0.4533633038776112,False
resolution_max_b1_gaussian_conv,1,train_probe,0.02,0.0159691024780273,0.0053439426422119,0.0163060024261474,0.3346426419120863,1.0210969870463074,-0.013070449256896998,-0.4500912884677168,-0.004772711944580001,-0.4717678066038903,-0.012764831924438502,-0.43909410271815047,False
resolution_max_b1_gaussian_conv,1,train_probe,0.025,0.0251277240753173,0.0083992721557617,0.0255861259460449,0.33426314816996167,1.0182428726674009,-0.020152019691467297,-0.4450559569254897,-0.0071381525039672,-0.4594167090295483,-0.019716777420043897,-0.4352210554964732,False
resolution_max_b1_gaussian_conv,1,train_probe,0.05,0.1035664638519287,0.0328359317779541,0.1050165573120117,0.317051780631425,1.0140015735417618,-0.08149894981384269,-0.44037915134715555,-0.0251036014556884,-0.43327241444037096,-0.0800338024139404,-0.4324974160140267,False
resolution_max_b1_gaussian_conv,1,train_probe,0.1,0.4582503776550292,0.1213105117797851,0.4654123268127441,0.2647253940096207,1.015628899629858,-0.360914569091797,-0.44058839495648294,-0.0892907802581787,-0.42398021110944945,-0.35412341003417963,-0.432102462543771,False
resolution_max_b1_gaussian_conv,1,train_probe,0.2,2.291032801818848,0.4552073959350585,2.330781413269043,0.1986909116157874,1.0173496474684425,-1.4640588714599607,-0.3898863193882023,-0.2952313850402832,-0.3934116846367833,-1.4337948730468764,-0.38086487402544134,False
resolution_max_b1_gaussian_conv,1,train_probe,0.25,3.739780444335937,0.7055268432617188,3.807576039123536,0.1886546158960402,1.0181282285943494,-2.1049516647338877,-0.36014510596087623,-0.405489891052246,-0.36497190233829335,-2.0537972335815433,-0.3503952295864782,False
resolution_max_b1_gaussian_conv,1,train_probe,0.35,7.322798489379882,1.3514451400756835,7.4554613586425775,0.18455309702098988,1.018116416757213,-3.4300634750366212,-0.3189907474296078,-0.5590243652343749,-0.29261098577108585,-3.337487579345704,-0.30922851562825837,False
resolution_max_b1_gaussian_conv,1,train_probe,0.5,16.07816078796387,2.376995401000977,16.39420157775879,0.1478400068483205,1.0196565262633464,-5.77768413543701,-0.26435418789281806,-0.593127345275879,-0.19969792360244476,-5.608603341674808,-0.2549040162020937,False
resolution_max_b1_gaussian_conv,2,test_probe,0.005,0.0008066074371337,0.0002314067840575,0.0008566989898681,0.2868889789558721,1.0621015260067543,-0.0006106426239014,-0.4308644188418043,-2.9346847534299984e-05,-0.11254626581861522,-0.0005398342132568001,-0.3865530816230222,False
resolution_max_b1_gaussian_conv,2,test_probe,0.01,0.0030655563354491,0.0008177455902099,0.0031048404693603,0.2667527524298787,1.0128146834089888,-0.0024648200988771,-0.4456875816948624,-0.00019916801452640005,-0.1958553938100249,-0.0025859508514404,-0.4544097131076235,False
resolution_max_b1_gaussian_conv,2,test_probe,0.02,0.0123655448913573,0.003260663986206,0.0122676002502441,0.26368947060998416,0.9920792296681032,-0.010257260894775501,-0.45340356946630106,-0.0009876247406006003,-0.23247589891165157,-0.0104499145507812,-0.45999373797302723,False
resolution_max_b1_gaussian_conv,2,test_probe,0.025,0.0195256832122802,0.005177032470703,0.0193592552185058,0.26513963247375805,0.9914764573426179,-0.016085545730590903,-0.45169869752026676,-0.0016904815673829,-0.24615625945688896,-0.016317886352538998,-0.457376505907705,False
resolution_max_b1_gaussian_conv,2,test_probe,0.05,0.0827607246398925,0.02133689994812,0.0818977783203124,0.25781432002874394,0.9895729970546424,-0.0638760215759278,-0.4356071941334195,-0.0071840320587159,-0.251886300805108,-0.0651959411621094,-0.44322722541461423,False
resolution_max_b1_gaussian_conv,2,test_probe,0.1,0.3862773712158203,0.0890150245666503,0.3810617004394531,0.230443280398416,0.9864976020729593,-0.27069387512207044,-0.41203306329003064,-0.022063683319091906,-0.19863107645964928,-0.28033655014038095,-0.4238543871179214,False
resolution_max_b1_gaussian_conv,2,test_probe,0.2,2.1386960708618163,0.3745176300048828,2.1168462020874026,0.17511493807250783,0.9897835559376097,-0.9929454467773438,-0.31706868145173017,-0.0988470680236817,-0.20881799685391184,-1.0465414321899411,-0.33082933651569923,False
resolution_max_b1_gaussian_conv,2,test_probe,0.25,3.675529022216797,0.6028090560913085,3.651590356445313,0.16400606618737576,0.9934870148958731,-1.228077752685547,-0.25044376701881943,-0.15482272491455074,-0.20435088494968162,-1.3056121307373036,-0.2633768005469022,False
resolution_max_b1_gaussian_conv,2,test_probe,0.35,7.817619799804689,1.1991064315795898,7.807722848510744,0.15338510471045774,0.9987340198746694,-1.2325879211425796,-0.13619443433211795,-0.27031622772216823,-0.1839608406818889,-1.350583334350583,-0.14747086495950942,False
resolution_max_b1_gaussian_conv,2,test_probe,0.5,17.46889524536133,2.138137867736816,17.507393029785156,0.12239685668185427,1.0022037904448506,-2.1838680358886684,-0.11112269580798437,-0.42217611541748123,-0.16489232109624377,-2.381877612304688,-0.1197569109077403,False
resolution_max_b1_gaussian_conv,2,train_probe,0.005,0.0008822971343994,0.0002700527191162,0.0008669494628906,0.3060791071253236,0.9826048720885311,-0.0009428085327148001,-0.5165775054578289,-0.00048319091796870006,-0.6414802517797284,-0.0009695838928222,-0.5279424355708925,False
resolution_max_b1_gaussian_conv,2,train_probe,0.01,0.0036393531799316,0.0011725879669189,0.0036111064910888,0.3221968050215281,0.9922385414533109,-0.0032815752029419,-0.4741524577920026,-0.0015587652206420998,-0.5706933939341697,-0.0034163457870484,-0.4861428654132372,False
resolution_max_b1_gaussian_conv,2,train_probe,0.02,0.0150433506011963,0.0050682338714599,0.014830785369873,0.336908578801378,0.9858698213610473,-0.0119588159561157,-0.4428835712398543,-0.004969655990600601,-0.49508971097442067,-0.0125565120697021,-0.45847941358236144,False
resolution_max_b1_gaussian_conv,2,train_probe,0.025,0.0237020328521728,0.0080354007720947,0.0233119621276855,0.3390173670845319,0.9835427312534696,-0.0184069942474365,-0.4371270370102492,-0.0073212179183959995,-0.4767467413207002,-0.019279310607910202,-0.4526587108019784,False
resolution_max_b1_gaussian_conv,2,train_probe,0.05,0.0975309661865234,0.0322629383087158,0.0959941257476806,0.3307968696528079,0.9842425385604847,-0.07405124053955078,-0.43157878635849084,-0.024284114456176696,-0.42944969311032954,-0.07696180114746101,-0.4449792645389991,False
resolution_max_b1_gaussian_conv,2,train_probe,0.1,0.4380594383239746,0.1250863632202148,0.431810750579834,0.28554655436439874,0.9857355253706022,-0.31077668380737294,-0.4150129442511883,-0.07939508972167969,-0.38827526203190965,-0.32167003707885744,-0.42691206245402796,False
resolution_max_b1_gaussian_conv,2,train_probe,0.2,2.2928759033203123,0.4797600517272949,2.271205952453613,0.20923943203055806,0.9905490084154494,-1.0768082336425784,-0.31955761723504145,-0.2292625946044921,-0.32335017194529597,-1.129797261047364,-0.332195293601136,False
resolution_max_b1_gaussian_conv,2,train_probe,0.25,3.866516596984863,0.7385370674133303,3.843466285705567,0.19100837896034034,0.9940384812269341,-1.3560950698852539,-0.25965841544139817,-0.3067500770568845,-0.29346010680381546,-1.4335518569946277,-0.27165945202930347,False
resolution_max_b1_gaussian_conv,2,train_probe,0.35,8.090532015991212,1.3798828674316406,8.08329877319336,0.17055526938206972,0.9991059620327124,-1.3902835479736328,-0.14664176711314708,-0.46242458953857435,-0.25100294078983937,-1.507351495361327,-0.1571688522835152,False
resolution_max_b1_gaussian_conv,2,train_probe,0.5,17.889378842163087,2.3673943481445314,17.928774664306637,0.1323351900047458,1.002202190612158,-2.3641351165771525,-0.11672715763759746,-0.6607452789306638,-0.21820172128881032,-2.563737304687507,-0.12510605379011255,False
resolution_max_b1_gaussian_conv,3,test_probe,0.005,0.0008056468963623,0.0002937690734863,0.0007425453186035,0.36463750411345447,0.9216758879805538,-0.000513780593872,-0.389396611541544,1.4638519287100006e-05,0.052443270960058734,-0.0007340034484863,-0.4971074879788645,True
resolution_max_b1_gaussian_conv,3,test_probe,0.01,0.0030686584472656,0.0010729656219482,0.0030521915435791,0.34965299670424094,0.994633842778699,-0.0024274429321289,-0.44166633119790244,-5.732231140140017e-05,-0.050714786657525324,-0.0027177982330322003,-0.471023058662741,False
resolution_max_b1_gaussian_conv,3,test_probe,0.02,0.0122150955200195,0.0040481060028076,0.0125992404937744,0.3314019113623057,1.0314483806635255,-0.009979242706298798,-0.44963010856819774,-0.0006772464752197007,-0.14332189574616278,-0.010097626113891601,-0.44489075467717065,False
resolution_max_b1_gaussian_conv,3,test_probe,0.025,0.0192754993438721,0.006363064956665,0.0199317649841308,0.3301115495452983,1.0340466220122766,-0.015690195083618103,-0.4487311160416249,-0.0010773601531983007,-0.14479819866342214,-0.0156826461791993,-0.4403455137100996,False
resolution_max_b1_gaussian_conv,3,test_probe,0.05,0.0841869117736816,0.0278297840118408,0.08650973777771,0.3305713848567719,1.0275912960232205,-0.058845991516113305,-0.41141576632117377,-0.0016454380035400007,-0.05582444816467798,-0.059383102798461804,-0.4070323297835675,False
resolution_max_b1_gaussian_conv,3,test_probe,0.1,0.4073974510192871,0.1220996376037597,0.416794679260254,0.2997064348298518,1.0230664875724076,-0.20376407394409207,-0.3334046166540042,0.008633090209960906,0.07608489381455105,-0.2067968978881835,-0.331622339791415,True
resolution_max_b1_gaussian_conv,3,test_probe,0.2,2.0624265487670903,0.5005763816833496,2.100041700744629,0.24271234385660523,1.0182382989590708,-0.8024858566284179,-0.28010833947910274,0.052000138854980504,0.11592263229793115,-0.8248114074707025,-0.28200096789612134,True
resolution_max_b1_gaussian_conv,3,test_probe,0.25,3.3487325576782228,0.7597527091979981,3.4080306991577145,0.22687769062237612,1.0177076372801193,-1.265910459899902,-0.2743246780038648,0.05612950210571299,0.0797721018010016,-1.2997789688110353,-0.27608995700368727,True
resolution_max_b1_gaussian_conv,3,test_probe,0.35,6.75417741394043,1.3551904037475586,6.874883178710936,0.2006447744399613,1.0178712754156225,-2.382660458374022,-0.26077517098051234,0.012469166564941458,0.009286489421367203,-2.444500836181639,-0.2623028337790646,True
resolution_max_b1_gaussian_conv,3,test_probe,0.5,14.912229913330076,2.231693411254883,15.209679986572263,0.14965524433471664,1.0199467199051362,-5.8776583435058605,-0.2827171686010974,-0.10070511474609356,-0.04317663281958848,-6.023328039550785,-0.28367756618093215,False
resolution_max_b1_gaussian_conv,3,train_probe,0.005,0.0011435775756835,0.000536404800415,0.0011450649261474,0.4690585158548588,1.0013006117779206,-0.00041954593658449996,-0.2684022940552942,-5.8261108398400055e-05,-0.09797284077483881,-0.00034663639068600004,-0.23237653997775076,False
resolution_max_b1_gaussian_conv,3,train_probe,0.01,0.0044103084564209,0.0020629150390624,0.0044204406738281,0.46774847143832615,1.0022973942769124,-0.0017262153625487997,-0.2813018271374729,-0.0002508138656617002,-0.10840244297834384,-0.0016432632446288994,-0.27099991469356777,False
resolution_max_b1_gaussian_conv,3,train_probe,0.02,0.0171177001953124,0.007838914489746,0.0170994903564453,0.4579420366231585,0.9989361982825188,-0.0073905969619752,-0.3015548944320511,-0.0010257596969605008,-0.11571318644725082,-0.0076217821121215,-0.30830864882916637,False
resolution_max_b1_gaussian_conv,3,train_probe,0.025,0.0265198410034179,0.0120166759490966,0.0265026535034179,0.4531202109223762,0.9993519003376459,-0.0120583686828614,-0.31256942146670097,-0.0016558218002320005,-0.12110602104968794,-0.012521931457519501,-0.3208728925638448,False
resolution_max_b1_gaussian_conv,3,train_probe,0.05,0.1053463493347167,0.0449747005462646,0.1061879642486572,0.4269222505600701,1.0079890278045274,-0.056645673942566005,-0.3496818719623328,-0.0067290132522582966,-0.1301456463742559,-0.05782287635803221,-0.3525552100345361,False
resolution_max_b1_gaussian_conv,3,train_probe,0.1,0.4540451774597168,0.164270763015747,0.4597056632995606,0.3617938724397557,1.0124667899161774,-0.2612897766113282,-0.36526913039031733,-0.02496473007202149,-0.1319241420553316,-0.266683907699585,-0.3671362012160534,False
resolution_max_b1_gaussian_conv,3,train_probe,0.2,2.1801244277954104,0.5847204772949219,2.2153254714965818,0.2682050940946541,1.0161463461683091,-1.0248455810546875,-0.3197676041350505,-0.09342484130859363,-0.1377652233904388,-1.0530113815307622,-0.3221856953194391,False
resolution_max_b1_gaussian_conv,3,train_probe,0.25,3.510880690002442,0.8665767196655274,3.5703279541015625,0.24682602349125246,1.0169322940162568,-1.5121824798583976,-0.3010478723285281,-0.14183805160522467,-0.14065447635846082,-1.5514308975219735,-0.3029097898723187,False
resolution_max_b1_gaussian_conv,3,train_probe,0.35,6.975030572509766,1.5123192840576172,7.099202365112305,0.21681901868903955,1.0178023295112038,-2.65043282623291,-0.2753563871614869,-0.2584276428222656,-0.1459427312279028,-2.7148155975341783,-0.2766263122675283,False
resolution_max_b1_gaussian_conv,3,train_probe,0.5,15.195692605590818,2.446124305725097,15.500012039184572,0.16097484788716482,1.0200266905558348,-6.241761125183107,-0.29116149723616314,-0.40302098999023483,-0.14145329499212106,-6.386646676635738,-0.2918054674110345,False
resolution_max_b1_gaussian_conv,4,test_probe,0.005,0.0008204460144042,0.0002233386993408,0.0008593936920166,0.27221620364989696,1.0474713472045853,-0.0003484367370606001,-0.29809383073191237,5.547065734859999e-05,0.3304420346499153,-0.0002925930023193,-0.2539899147775962,True
resolution_max_b1_gaussian_conv,4,test_probe,0.01,0.0032953601837158,0.000924340057373,0.0033859870910644,0.2804974284573432,1.0275013662532058,-0.0015140033721924,-0.3148032696202555,1.61361694336e-05,0.01776712217144427,-0.0011075370788575,-0.24647404508714363,True
resolution_max_b1_gaussian_conv,4,test_probe,0.02,0.0133192882537841,0.0037730770111083,0.0133242397308349,0.2832791767260044,1.0003717523756865,-0.0062187175750733,-0.31828824443732784,0.0002394168853759003,0.06775322947231034,-0.005535134506225699,-0.2934951306787578,True
resolution_max_b1_gaussian_conv,4,test_probe,0.025,0.0208831829071044,0.0058638046264648,0.0207740642547607,0.28079075170432716,0.9947748074214025,-0.010004588699340903,-0.32390127804665786,0.0003879066467285001,0.07083891046983683,-0.009261426925659198,-0.3083494413334819,True
resolution_max_b1_gaussian_conv,4,test_probe,0.05,0.0859888080596923,0.0235258483886718,0.0848217723846435,0.2735919815557911,0.9864280514943449,-0.044072424697876006,-0.33885904172557074,0.0011058280944824007,0.04932324235090003,-0.04217567329406749,-0.33209859512266976,True
resolution_max_b1_gaussian_conv,4,test_probe,0.1,0.3849047424316406,0.0925288803100585,0.3792816589355469,0.24039423293541703,0.9853909737236028,-0.19805976257324237,-0.3397458350771861,-0.002757479095459106,-0.028938865044931424,-0.19188815078735366,-0.33595639601548094,False
resolution_max_b1_gaussian_conv,4,test_probe,0.2,1.951668672180176,0.3665179069519043,1.923401412963868,0.18779719743232512,0.9855163637049463,-0.814807052612305,-0.29452890018524397,-0.05419623870849599,-0.1288196255522226,-0.8262295303344722,-0.3004874280849351,False
resolution_max_b1_gaussian_conv,4,test_probe,0.25,3.2999355026245114,0.5800961204528808,3.2551330688476554,0.17579013892590253,0.986423239562948,-1.1627994491577152,-0.2605575867088729,-0.09923395919799793,-0.1460762038521778,-1.1982315521240237,-0.2690620809446727,False
resolution_max_b1_gaussian_conv,4,test_probe,0.35,7.231568380737305,1.1543955200195313,7.149395153808595,0.15963280152262532,0.9886368734135745,-1.6776824432373045,-0.1883079145917293,-0.1878505783081057,-0.13995241151541207,-1.763843530273438,-0.1978903059584222,False
resolution_max_b1_gaussian_conv,4,test_probe,0.5,18.242777667236325,2.1612172088623045,18.0533065612793,0.11846974448106161,0.9896139113564207,-0.9993073608398433,-0.051933424022487774,-0.23579977722168,-0.09837217616338505,-1.167738360595699,-0.060753115418128216,False
resolution_max_b1_gaussian_conv,4,train_probe,0.005,0.0009698127746582,0.0003489170074462,0.0009708293914794,0.359777697885215,1.0010482609094917,-0.0005319967269897001,-0.3542371561812285,-0.00020245189666750005,-0.3671804760062269,-0.0004924728393554999,-0.3365489568580205,False
resolution_max_b1_gaussian_conv,4,train_probe,0.01,0.0039495223999023,0.0014592868804931,0.0038812351226806,0.36948439146191414,0.9827099911565537,-0.0020954223632812,-0.34664044840298425,-0.0007558753967284999,-0.3412280014431122,-0.0019946413040161,-0.3394627727284332,False
resolution_max_b1_gaussian_conv,4,train_probe,0.02,0.0157087635040283,0.0057222145080566,0.0153483406066894,0.364268932216671,0.9770559345904932,-0.008622227478027301,-0.35437222776443006,-0.0029844699859619007,-0.34277915870412373,-0.008712564086914098,-0.3621045924025584,False
resolution_max_b1_gaussian_conv,4,train_probe,0.025,0.024383702468872,0.0087933517456054,0.0238523479461669,0.36062414052299513,0.9782086201476818,-0.013937275695800801,-0.36369832826055687,-0.0046544399261475005,-0.3461118404982549,-0.014059496498108,-0.3708470717844786,False
resolution_max_b1_gaussian_conv,4,train_probe,0.05,0.0968633407592773,0.033087691116333,0.0950841876983642,0.34159147162353015,0.9816323384371533,-0.06391705722808841,-0.397542598651305,-0.0183782688140869,-0.3570956189087631,-0.0636478563308716,-0.4009767323297917,False
resolution_max_b1_gaussian_conv,4,train_probe,0.1,0.4154761627197265,0.1213044525146484,0.4086433265686035,0.29196489088708183,0.9835542041536273,-0.29406501922607425,-0.4144439064405663,-0.07067430801391601,-0.36813607827934913,-0.2893017440795898,-0.4145050323385914,False
resolution_max_b1_gaussian_conv,4,train_probe,0.2,2.057149269104004,0.4421464309692382,2.0256754989624026,0.21493162290640005,0.9847002983136417,-1.0676374786376952,-0.3416673087881222,-0.2446181663513184,-0.3561892492794581,-1.0776865325927734,-0.34726419980485373,False
resolution_max_b1_gaussian_conv,4,train_probe,0.25,3.4531984527587887,0.6805017738342285,3.4057876129150397,0.19706419516392695,0.986270456073594,-1.4652319641113292,-0.2979064132097128,-0.3406373100280764,-0.33358561572206896,-1.4984820129394523,-0.3055464171544943,False
resolution_max_b1_gaussian_conv,4,train_probe,0.35,7.477157690429688,1.2978981185913083,7.392587805175779,0.17358175022208505,0.9886895677802605,-2.0042938232421887,-0.21139103230682313,-0.49571936950683604,-0.27637964772102563,-2.0900499542236375,-0.22040807708297516,False
resolution_max_b1_gaussian_conv,4,train_probe,0.5,18.58288968811035,2.3346063278198246,18.391952969360357,0.12563203931160102,0.9897251330683969,-1.3394950592041077,-0.06723567866967693,-0.5950255142211915,-0.20310590077647747,-1.5068775146484334,-0.07572693861879967,False
