policy,split,amplitude,method,n_seeds,mean_diff_vs_plain,sd_across_seeds,n_seeds_lower_than_plain,seed0,seed1,seed2,seed3,seed4
saved,train_probe,0.025,resolution_max_b1,5,-0.014055639495849615,0.003541602944274381,5,-0.012382202720642076,-0.017907736968994156,-0.017858406829833993,-0.010762452316284182,-0.011367398643493655
saved,train_probe,0.025,gaussian_postrelu,5,-0.002700222434997569,0.0054327748237419276,3,-0.0011213037490844652,-0.007122184753418012,-0.009631449317932153,0.0018680507659912249,0.0025057748794555593
saved,train_probe,0.025,resolution_max_b1_gaussian_conv,5,-0.016428677673339845,0.0031556384415924363,5,-0.01656587238311769,-0.01971677742004395,-0.01927931060791019,-0.012521931457519495,-0.014059496498107907
saved,train_probe,0.05,resolution_max_b1,5,-0.05997340679168702,0.011375132605113128,5,-0.052816117095947246,-0.07377216758728028,-0.07084300041198735,-0.05271373748779297,-0.049722011375427255
saved,train_probe,0.05,gaussian_postrelu,5,-0.0043043474960327175,0.024982331481077112,3,-0.000728340911865244,-0.025071346282958984,-0.03427738151550297,0.023849647140502944,0.014705684089660664
saved,train_probe,0.05,resolution_max_b1_gaussian_conv,5,-0.0699087376022339,0.009204550208649697,5,-0.07107735176086429,-0.08003380241394044,-0.07696180114746098,-0.05782287635803218,-0.06364785633087161
saved,train_probe,0.1,resolution_max_b1,5,-0.268175668258667,0.04046020844699758,5,-0.24442386932373034,-0.3194245635986327,-0.2967154342651367,-0.26221322746276876,-0.2181012466430664
saved,train_probe,0.1,gaussian_postrelu,5,-0.024414371643066368,0.10774593705655422,2,0.007490406417846707,-0.13855790481567376,-0.13466211624145508,0.1010692211151124,0.04258853530883788
saved,train_probe,0.1,resolution_max_b1_gaussian_conv,5,-0.3122757609558105,0.03444568100648404,5,-0.3295997058868408,-0.3541234100341796,-0.32167003707885744,-0.26668390769958494,-0.2893017440795898
saved,train_probe,0.2,resolution_max_b1,5,-1.0575729684448247,0.15357442326720697,5,-1.1720973281860356,-1.1945338333129887,-1.092635667419434,-1.014753118896485,-0.8138448944091801
saved,train_probe,0.2,gaussian_postrelu,5,-0.4623636242675782,0.34819452482563984,5,-0.321524787902832,-0.9473352035522464,-0.69635135345459,-0.10981007995605507,-0.2367966964721675
saved,train_probe,0.2,resolution_max_b1_gaussian_conv,5,-1.240911994171143,0.21450709431542433,5,-1.51026992263794,-1.4337948730468755,-1.129797261047364,-1.0530113815307622,-1.0776865325927734
saved,train_probe,0.25,resolution_max_b1,5,-1.470098885803223,0.24699844428790046,5,-1.8148705368041997,-1.6032858581542966,-1.404380642700195,-1.3592066116333021,-1.168750779724121
saved,train_probe,0.25,gaussian_postrelu,5,-0.8969434378051762,0.40591716910731407,5,-0.7848952133178715,-1.5133236907958993,-1.0650020050048825,-0.48233470611572393,-0.6391615737915037
saved,train_probe,0.25,resolution_max_b1_gaussian_conv,5,-1.7633243170166015,0.3789647261679515,5,-2.279359584045411,-2.053797233581543,-1.4335518569946277,-1.5514308975219735,-1.4984820129394527
saved,test_probe,0.025,resolution_max_b1,5,-0.011457700195312495,0.0026370791112160707,5,-0.008505101013183535,-0.012032622528076159,-0.014581481170654241,-0.013174148559570338,-0.008995147705078206
saved,test_probe,0.025,gaussian_postrelu,5,-0.0032865566253661924,0.005100957057133102,4,-0.0028163661956786615,-0.006785461425781184,-0.009726368713378834,-0.0001829315185547173,0.0030783447265624354
saved,test_probe,0.025,resolution_max_b1_gaussian_conv,5,-0.013682074432373065,0.0031505442833818153,5,-0.011430782699584963,-0.015717630004882858,-0.016317886352539057,-0.015682646179199233,-0.009261426925659216
saved,test_probe,0.05,resolution_max_b1,5,-0.048263944549560525,0.0087000858053366,5,-0.03985892410278316,-0.05179772644042964,-0.059130233001708915,-0.05173122634887692,-0.03880161285400402
saved,test_probe,0.05,gaussian_postrelu,5,-0.002573032531738248,0.024717629254024417,3,-0.005391311645507768,-0.0190479927062987,-0.032999182128906165,0.023452504730224644,0.02112081909179675
saved,test_probe,0.05,resolution_max_b1_gaussian_conv,5,-0.056598402099609355,0.009687837758436303,5,-0.051750476837158166,-0.06448681640625001,-0.06519594116210935,-0.059383102798461845,-0.04217567329406745
saved,test_probe,0.1,resolution_max_b1,5,-0.21224170700073247,0.041017225586320455,5,-0.187028044128418,-0.2527480972290038,-0.25371347808837896,-0.20754640350341796,-0.1601725120544436
saved,test_probe,0.1,gaussian_postrelu,5,0.009706398010253903,0.10905420053546898,2,0.024984284973144533,-0.08738433609008778,-0.1152196090698242,0.1346890846252442,0.09146256561279276
saved,test_probe,0.1,resolution_max_b1_gaussian_conv,5,-0.2445999482727051,0.04593254597188193,5,-0.24502466812133789,-0.2989534744262695,-0.28033655014038095,-0.2067968978881835,-0.19188815078735366
saved,test_probe,0.2,resolution_max_b1,5,-0.874925307922363,0.15103088037131454,5,-0.9330290557861329,-0.9913299774169917,-0.9999283920288082,-0.8083436935424797,-0.6419954208374024
saved,test_probe,0.2,gaussian_postrelu,5,-0.3098649154663084,0.3653354671769868,4,-0.1347366210937504,-0.757630786132812,-0.6415584533691399,0.06331884002685584,-0.07871755676269565
saved,test_probe,0.2,resolution_max_b1_gaussian_conv,5,-1.0359162149047847,0.20808844982752842,5,-1.226194206237793,-1.2558044982910155,-1.0465414321899407,-0.8248114074707025,-0.826229530334472
saved,test_probe,0.25,resolution_max_b1,5,-1.2429372933959957,0.2136473412736047,5,-1.508371812438965,-1.343174569702147,-1.2779335510253902,-1.1440566253662112,-0.9411499084472656
saved,test_probe,0.25,gaussian_postrelu,5,-0.6979126647949215,0.41404460448508434,5,-0.5287945129394531,-1.2743169616699213,-0.9771374816894527,-0.2795781372070314,-0.4297362304687491
saved,test_probe,0.25,resolution_max_b1_gaussian_conv,5,-1.509822388000488,0.33625796894114074,5,-1.9272590576171877,-1.8182302307128895,-1.305612130737304,-1.2997789688110353,-1.1982315521240237
recalibrated,train_probe,0.025,resolution_max_b1,5,-0.005001470069885244,0.0018638099330155623,5,-0.003903800964355471,-0.007159192466735806,-0.006861773490905762,-0.0031478860855102316,-0.003934697341918952
recalibrated,train_probe,0.025,gaussian_postrelu,5,0.0031909200668334982,0.0026895404312518747,1,0.0025707569122314297,0.0015759241104126246,-8.328247070320954e-06,0.006593731117248541,0.005222516441345217
recalibrated,train_probe,0.025,resolution_max_b1_gaussian_conv,5,-0.005306600303649893,0.002311677011103585,5,-0.005763369369506845,-0.00713815250396726,-0.00732121791839597,-0.0016558218002319294,-0.004654439926147461
recalibrated,train_probe,0.05,resolution_max_b1,5,-0.01749800884246826,0.005822603916663713,5,-0.013296183776855479,-0.024750210189819287,-0.02265549125671388,-0.011800810813903793,-0.014987348175048855
recalibrated,train_probe,0.05,gaussian_postrelu,5,0.019199610595703125,0.01283802311750048,0,0.013963567352294926,0.012794061660766624,0.005311871528625466,0.03796717014312745,0.02596138229370116
recalibrated,train_probe,0.05,resolution_max_b1_gaussian_conv,5,-0.019092202873229984,0.007415561262223086,5,-0.02096601638793946,-0.025103601455688462,-0.024284114456176745,-0.00672901325225831,-0.018378268814086933
recalibrated,train_probe,0.1,resolution_max_b1,5,-0.06125487083435057,0.01680985275171016,5,-0.04465356216430666,-0.08309169654846188,-0.0739536334991455,-0.04700774879455563,-0.057567713165283224
recalibrated,train_probe,0.1,gaussian_postrelu,5,0.08351630653381348,0.04286396054220404,0,0.06701348495483397,0.062029526901245136,0.03781097412109369,0.14798956909179695,0.10273797760009765
recalibrated,train_probe,0.1,resolution_max_b1_gaussian_conv,5,-0.06796291053771972,0.024992097117535306,5,-0.07548964462280275,-0.08929078025817869,-0.07939508972167963,-0.024964730072021463,-0.07067430801391605
recalibrated,train_probe,0.2,resolution_max_b1,5,-0.18969011001586905,0.04369395957615665,5,-0.13961517105102544,-0.2540256408691405,-0.20848814773559554,-0.1664419540405272,-0.1798796363830566
recalibrated,train_probe,0.2,gaussian_postrelu,5,0.21293277481079106,0.094548035463139,0,0.19506256866455063,0.12245005798339847,0.15206468276977558,0.36546992340087914,0.22961664123535153
recalibrated,train_probe,0.2,resolution_max_b1_gaussian_conv,5,-0.2196968803405761,0.07521094083391466,5,-0.23594741439819333,-0.2952313850402831,-0.22926259460449205,-0.09342484130859363,-0.2446181663513184
recalibrated,train_probe,0.25,resolution_max_b1,5,-0.2570071975708007,0.054719998547914796,5,-0.19821513519287093,-0.34117894058227527,-0.27577287445068344,-0.22754645004272467,-0.24232258758544933
recalibrated,train_probe,0.25,gaussian_postrelu,5,0.24048544845581055,0.11573789969887278,0,0.22805771560668964,0.11529131240844714,0.1860933898925783,0.4269353645324707,0.24604945983886695
recalibrated,train_probe,0.25,resolution_max_b1_gaussian_conv,5,-0.3028653343200683,0.09770341289647609,5,-0.31961134185791007,-0.405489891052246,-0.3067500770568845,-0.14183805160522467,-0.3406373100280762
recalibrated,test_probe,0.025,resolution_max_b1,5,-0.0002334888458252294,0.0008299229544796528,3,0.0006300727844237965,0.0004392677307128723,-0.000597809219360413,-0.00142662429809573,-0.00021235122680667278
recalibrated,test_probe,0.025,gaussian_postrelu,5,0.0048210861968993966,0.002324802086707629,0,0.0028610527038573537,0.00484849700927733,0.002171562957763667,0.006752762222290043,0.00747155609130859
recalibrated,test_probe,0.025,resolution_max_b1_gaussian_conv,5,-0.0009242411804199626,0.0008831477533597162,4,-0.0005246669769286725,-0.0017166038513184547,-0.0016904815673829182,-0.0010773601531982374,0.00038790664672846975
recalibrated,test_probe,0.05,resolution_max_b1,5,-0.002512059478759792,0.001951913522900257,5,-0.00021482391357422956,-0.0014082756042480549,-0.004314439392089892,-0.0047635910034180065,-0.0018591674804687777
recalibrated,test_probe,0.05,gaussian_postrelu,5,0.024400519943237307,0.012439639432766336,0,0.013795174026489217,0.02327652282714844,0.01121542663574221,0.04010046310424807,0.03361501312255859
recalibrated,test_probe,0.05,resolution_max_b1_gaussian_conv,5,-0.004027152404785185,0.0036632561655610177,4,-0.005158070373535117,-0.007254049682617267,-0.007184032058715914,-0.001645438003540025,0.0011058280944823973
recalibrated,test_probe,0.1,resolution_max_b1,5,-0.009573359985351604,0.006292635688012369,5,-0.0008358871459961392,-0.015028817749023426,-0.014260950469970779,-0.012699559020996135,-0.00504158554077154
recalibrated,test_probe,0.1,gaussian_postrelu,5,0.11137903579711912,0.0408561365747598,0,0.07786244430541986,0.10656859283447268,0.0684131652832031,0.16581060867309572,0.1382403678894043
recalibrated,test_probe,0.1,resolution_max_b1_gaussian_conv,5,-0.013439123077392617,0.015705576979627146,4,-0.022350523376464815,-0.028657019805908276,-0.022063683319091892,0.008633090209960947,-0.0027574790954590506
recalibrated,test_probe,0.2,resolution_max_b1,5,-0.04654395401000973,0.04324272352337433,4,0.008111615753173873,-0.10345113372802728,-0.07373335266113284,-0.038204055023193295,-0.02544284439086908
recalibrated,test_probe,0.2,gaussian_postrelu,5,0.3164838716125488,0.09073508261102614,0,0.2781323020935057,0.25931533050537126,0.23610140075683594,0.460382169342041,0.34848815536499034
recalibrated,test_probe,0.2,resolution_max_b1_gaussian_conv,5,-0.06316860275268553,0.07240183661918931,4,-0.07248582000732412,-0.14231402587890624,-0.0988470680236817,0.05200013885498045,-0.05419623870849605
recalibrated,test_probe,0.25,resolution_max_b1,5,-0.07645219741821281,0.06533882111258746,5,-0.0009847610473633361,-0.1647456878662108,-0.12036696319580065,-0.05294516067504873,-0.04321841430664053
recalibrated,test_probe,0.25,gaussian_postrelu,5,0.3827144195556642,0.11728527250484223,0,0.3632738845825194,0.2875016174316407,0.2829813949584965,0.5694453155517579,0.4103698852539066
recalibrated,test_probe,0.25,resolution_max_b1_gaussian_conv,5,-0.10474246444702143,0.10213627909773283,4,-0.1056813705444335,-0.22010376968383794,-0.15482272491455074,0.05612950210571299,-0.09923395919799793
