method,seed,policy,split,amplitude,n_directions,S_mean,S_direction_sd,S_min,S_max
gaussian_postrelu,0,recalibrated,test_probe,0.025,20,0.007818035888671821,0.003154337852814817,0.0042675247192381915,0.01632799530029294
gaussian_postrelu,0,recalibrated,test_probe,0.05,20,0.035612410354614224,0.013765302867756261,0.016764724731445302,0.06524520874023432
gaussian_postrelu,0,recalibrated,test_probe,0.1,20,0.16882646789550776,0.06819105964213518,0.08028971862792966,0.30198883056640613
gaussian_postrelu,0,recalibrated,test_probe,0.2,20,0.6609234962463377,0.1692430280425776,0.37897004699707026,0.9687212066650391
gaussian_postrelu,0,recalibrated,test_probe,0.25,20,0.9795753433227539,0.196433621736966,0.6465537567138672,1.3211964263916016
gaussian_postrelu,0,recalibrated,train_probe,0.025,20,0.014969784545898432,0.004327990825702738,0.008761085510253896,0.023442687988281197
gaussian_postrelu,0,recalibrated,train_probe,0.05,20,0.06032037849426271,0.01924414225634039,0.03461379241943363,0.09885301971435545
gaussian_postrelu,0,recalibrated,train_probe,0.1,20,0.23927366790771484,0.07414636355183746,0.12944926452636718,0.3964247436523437
gaussian_postrelu,0,recalibrated,train_probe,0.2,20,0.8182881034851073,0.17940219174816974,0.4903883666992187,1.1492453155517577
gaussian_postrelu,0,recalibrated,train_probe,0.25,20,1.1635692680358887,0.21145385627091995,0.7815135040283204,1.5259733123779298
gaussian_postrelu,0,saved,test_probe,0.025,20,0.02614474220275879,0.009151986253145405,0.00850810241699218,0.04249273681640631
gaussian_postrelu,0,saved,test_probe,0.05,20,0.11858350601196288,0.04310039763068797,0.036898513793945265,0.1945450744628906
gaussian_postrelu,0,saved,test_probe,0.1,20,0.5984596382141113,0.2331059733235857,0.19578536987304684,1.0670842437744141
gaussian_postrelu,0,saved,test_probe,0.2,20,2.8042023941040037,0.8379318459944266,1.327032730102539,4.212652542114258
gaussian_postrelu,0,saved,test_probe,0.25,20,4.317133792114258,1.1553676661507952,2.3264636993408203,5.929817459106445
gaussian_postrelu,0,saved,train_probe,0.025,20,0.035471990966796874,0.009950257019269928,0.01618975067138667,0.0516308517456055
gaussian_postrelu,0,saved,train_probe,0.05,20,0.1508229793548584,0.04834101005157579,0.0636807174682617,0.24594338989257808
gaussian_postrelu,0,saved,train_probe,0.1,20,0.6856595066070557,0.236321808815093,0.2739463119506836,1.197344436645508
gaussian_postrelu,0,saved,train_probe,0.2,20,2.970710043334961,0.8500090552768551,1.4278336334228516,4.399671249389648
gaussian_postrelu,0,saved,train_probe,0.25,20,4.512523796081543,1.1797016149490975,2.4159804840087893,6.148083358764648
gaussian_postrelu,1,recalibrated,test_probe,0.025,20,0.011369956970214878,0.005299839639496321,0.0036695098876953214,0.024660186767578196
gaussian_postrelu,1,recalibrated,test_probe,0.05,20,0.05025964660644535,0.02475003488214201,0.018207992553710972,0.10966343688964852
gaussian_postrelu,1,recalibrated,test_probe,0.1,20,0.21799902801513676,0.08946465003629792,0.08405442810058594,0.3754636383056642
gaussian_postrelu,1,recalibrated,test_probe,0.2,20,0.7564304016113282,0.1948098492078307,0.3893060607910157,1.012262176513672
gaussian_postrelu,1,recalibrated,test_probe,0.25,20,1.084013331604004,0.22898419354656738,0.642359130859375,1.412492889404297
gaussian_postrelu,1,recalibrated,train_probe,0.025,20,0.017113348770141618,0.005766272798080141,0.008263900756835918,0.028455467224121067
gaussian_postrelu,1,recalibrated,train_probe,0.05,20,0.0707335948944092,0.026754871712995325,0.0331559524536133,0.12743531036376954
gaussian_postrelu,1,recalibrated,train_probe,0.1,20,0.272630818939209,0.09042511530411027,0.12072314453124999,0.4343209686279297
gaussian_postrelu,1,recalibrated,train_probe,0.2,20,0.8728888389587401,0.20499371589337717,0.47336390686035157,1.1863495330810547
gaussian_postrelu,1,recalibrated,train_probe,0.25,20,1.226308046722412,0.24236648537369107,0.7543974761962892,1.627839401245117
gaussian_postrelu,1,saved,test_probe,0.025,20,0.030387908172607492,0.010408115523240842,0.015225921630859451,0.06052099609375006
gaussian_postrelu,1,saved,test_probe,0.05,20,0.13556189727783213,0.049763989612262235,0.061963165283203114,0.27204560852050785
gaussian_postrelu,1,saved,test_probe,0.1,20,0.6246532310485841,0.21273241376937083,0.30487733459472666,1.2624232177734376
gaussian_postrelu,1,saved,test_probe,0.2,20,2.6750964324951174,0.7414278461223641,1.5751188964843752,4.485935760498047
gaussian_postrelu,1,saved,test_probe,0.25,20,4.158368615722656,1.1193523524149138,2.5338622741699224,6.239341217041016
gaussian_postrelu,1,saved,train_probe,0.025,20,0.03818071861267086,0.010708967872303438,0.02022827911376951,0.06687226867675783
gaussian_postrelu,1,saved,train_probe,0.05,20,0.15997901344299317,0.04796369705581991,0.07854148864746097,0.28155718994140627
gaussian_postrelu,1,saved,train_probe,0.1,20,0.68097783203125,0.20165570259988377,0.34463421630859375,1.270103576660156
gaussian_postrelu,1,saved,train_probe,0.2,20,2.817241082763672,0.700314501750756,1.7101100463867185,4.451811706542968
gaussian_postrelu,1,saved,train_probe,0.25,20,4.348049581909179,1.0786843507335464,2.738655578613282,6.346040222167968
gaussian_postrelu,2,recalibrated,test_probe,0.025,20,0.00903907699584966,0.003744381095446622,0.004003707885742225,0.017738388061523502
gaussian_postrelu,2,recalibrated,test_probe,0.05,20,0.03973635864257819,0.017715067098508872,0.019378753662109394,0.08205409240722661
gaussian_postrelu,2,recalibrated,test_probe,0.1,20,0.17949187316894535,0.07021202091279606,0.09920617675781251,0.34882095336914065
gaussian_postrelu,2,recalibrated,test_probe,0.2,20,0.7094660987854005,0.1759826151393847,0.44952557373046886,1.0291358642578126
gaussian_postrelu,2,recalibrated,test_probe,0.25,20,1.0406131759643558,0.2131961567593431,0.6838301086425782,1.342610107421875
gaussian_postrelu,2,recalibrated,train_probe,0.025,20,0.015348290443420393,0.004968384182734801,0.009404937744140585,0.025323524475097614
gaussian_postrelu,2,recalibrated,train_probe,0.05,20,0.061858924293518046,0.02102863101697868,0.03740202331542969,0.10885636901855467
gaussian_postrelu,2,recalibrated,train_probe,0.1,20,0.2422924270629882,0.07334457465631333,0.15170339202880856,0.4125413513183594
gaussian_postrelu,2,recalibrated,train_probe,0.2,20,0.8610873291015626,0.176905978807295,0.5564064636230468,1.1782883758544922
gaussian_postrelu,2,recalibrated,train_probe,0.25,20,1.231380534362793,0.21012535223548245,0.8274530181884765,1.5254422454833985
gaussian_postrelu,2,saved,test_probe,0.025,20,0.02595077285766606,0.007961626081967802,0.011165847778320415,0.04520541381835941
gaussian_postrelu,2,saved,test_probe,0.05,20,0.11409453735351567,0.035197029210421574,0.05409475708007816,0.19345538330078138
gaussian_postrelu,2,saved,test_probe,0.1,20,0.5461786415100098,0.16254359775426225,0.2892767028808595,0.811661376953125
gaussian_postrelu,2,saved,test_probe,0.2,20,2.5218291809082034,0.6272297354460046,1.3391563110351563,3.5958768920898434
gaussian_postrelu,2,saved,test_probe,0.25,20,3.980065005493164,0.9386634426361027,2.1362437133789065,5.4866682739257815
gaussian_postrelu,2,saved,train_probe,0.025,20,0.032959823417663556,0.007935271930022886,0.021022861480712862,0.04991366577148437
gaussian_postrelu,2,saved,train_probe,0.05,20,0.13867854537963864,0.03586698018104561,0.08354149627685548,0.21069716644287106
gaussian_postrelu,2,saved,train_probe,0.1,20,0.6188186714172363,0.1622006360273458,0.35323263549804684,0.8883552246093749
gaussian_postrelu,2,saved,train_probe,0.2,20,2.704651860046387,0.5996799084965543,1.5221437683105468,3.7571111145019533
gaussian_postrelu,2,saved,train_probe,0.25,20,4.212016137695312,0.9016695605499676,2.3479046936035153,5.675647369384766
gaussian_postrelu,3,recalibrated,test_probe,0.025,20,0.014193187332153351,0.007863462316199114,0.00600275421142582,0.03690910339355469
gaussian_postrelu,3,recalibrated,test_probe,0.05,20,0.06957568511962894,0.03255579392769591,0.03248338317871102,0.14935278320312506
gaussian_postrelu,3,recalibrated,test_probe,0.1,20,0.27927715606689457,0.09065358576082294,0.15012239074707034,0.48437065124511713
gaussian_postrelu,3,recalibrated,test_probe,0.2,20,0.9089584121704102,0.18327593769407674,0.5485545043945312,1.3000753173828126
gaussian_postrelu,3,recalibrated,test_probe,0.25,20,1.273068522644043,0.21144826098403838,0.8376345825195313,1.6823759155273437
gaussian_postrelu,3,recalibrated,train_probe,0.025,20,0.02026622886657715,0.00910193049274604,0.009183128356933579,0.04622734069824219
gaussian_postrelu,3,recalibrated,train_probe,0.05,20,0.0896708839416504,0.03776727094946713,0.038704483032226566,0.188926383972168
gaussian_postrelu,3,recalibrated,train_probe,0.1,20,0.3372250621795655,0.0983314014227266,0.1688997192382813,0.5419003448486328
gaussian_postrelu,3,recalibrated,train_probe,0.2,20,1.0436152420043947,0.19127927022496516,0.6347811431884766,1.381163055419922
gaussian_postrelu,3,recalibrated,train_probe,0.25,20,1.4353501358032228,0.21684369423895902,0.9581070251464844,1.7825572204589846
gaussian_postrelu,3,saved,test_probe,0.025,20,0.0354314796447754,0.015169092994844032,0.012257324218750032,0.07934558105468759
gaussian_postrelu,3,saved,test_probe,0.05,20,0.1693453453063965,0.07088353864745722,0.06166017150878911,0.33100595092773444
gaussian_postrelu,3,saved,test_probe,0.1,20,0.7582806617736817,0.2726852526077904,0.3088681335449218,1.2769675292968752
gaussian_postrelu,3,saved,test_probe,0.2,20,2.9881719482421873,0.8495556875202774,1.9266851501464846,4.8710508728027335
gaussian_postrelu,3,saved,test_probe,0.25,20,4.428231530761718,1.201683599027025,2.9298650817871095,7.347256805419922
gaussian_postrelu,3,saved,train_probe,0.025,20,0.040892635726928715,0.016415747907302842,0.018471588134765626,0.08818972778320311
gaussian_postrelu,3,saved,train_probe,0.05,20,0.18786048774719238,0.07064340220524756,0.08077894592285162,0.3700355377197265
gaussian_postrelu,3,saved,train_probe,0.1,20,0.827458792114258,0.2676778456940003,0.3631172637939454,1.3503109893798828
gaussian_postrelu,3,saved,train_probe,0.2,20,3.158526773071289,0.857665871627737,2.0116180572509763,5.140058456420899
gaussian_postrelu,3,saved,train_probe,0.25,20,4.639424145507812,1.215135177018094,3.1687061004638672,7.705126571655274
gaussian_postrelu,4,recalibrated,test_probe,0.025,20,0.01294745407104495,0.00561037333458395,0.0057602539062500124,0.025163772583007837
gaussian_postrelu,4,recalibrated,test_probe,0.05,20,0.05603503341674807,0.030965081041511796,0.020561889648437526,0.13899392700195312
gaussian_postrelu,4,recalibrated,test_probe,0.1,20,0.2335267272949219,0.12174530053297145,0.07549856567382818,0.5234329528808596
gaussian_postrelu,4,recalibrated,test_probe,0.2,20,0.7692023010253907,0.25251504010666753,0.28856089782714844,1.3037290649414062
gaussian_postrelu,4,recalibrated,test_probe,0.25,20,1.0896999649047854,0.28251422812201554,0.460012725830078,1.6509868774414067
gaussian_postrelu,4,recalibrated,train_probe,0.025,20,0.018670308113098145,0.009150656606301428,0.007080406188964883,0.03808771514892578
gaussian_postrelu,4,recalibrated,train_probe,0.05,20,0.07742734222412109,0.03903440590748405,0.027515541076660155,0.1536264419555664
gaussian_postrelu,4,recalibrated,train_probe,0.1,20,0.2947167381286621,0.1313337240316995,0.10725815582275389,0.5504098205566407
gaussian_postrelu,4,recalibrated,train_probe,0.2,20,0.9163812385559081,0.2748548242005734,0.3993993835449219,1.4718054199218749
gaussian_postrelu,4,recalibrated,train_probe,0.25,20,1.2671885437011716,0.3034528871500684,0.6035732116699218,1.8540796813964842
gaussian_postrelu,4,saved,test_probe,0.025,20,0.03311383590698241,0.012373401673909856,0.013033081054687479,0.05678486633300783
gaussian_postrelu,4,saved,test_probe,0.05,20,0.14811826477050777,0.06134536303072357,0.05760160827636718,0.27593103027343746
gaussian_postrelu,4,saved,test_probe,0.1,20,0.6626323753356933,0.23846966668235364,0.2889053039550782,1.1463324279785156
gaussian_postrelu,4,saved,test_probe,0.2,20,2.670913386535644,0.6082595747474058,1.5029074401855471,3.594430541992187
gaussian_postrelu,4,saved,test_probe,0.25,20,4.02362839050293,0.8541729986793322,2.465730773925781,5.1241630859375
gaussian_postrelu,4,saved,train_probe,0.025,20,0.04041761932373046,0.015082187265858927,0.021668510437011734,0.07326853942871092
gaussian_postrelu,4,saved,train_probe,0.05,20,0.17343772811889652,0.06894237228113606,0.08554005432128903,0.3316764907836914
gaussian_postrelu,4,saved,train_probe,0.1,20,0.7405336059570312,0.25188899684714644,0.37489852142333985,1.2781046829223632
gaussian_postrelu,4,saved,train_probe,0.2,20,2.8665653350830085,0.6340727669394494,1.688265296936035,3.83163468170166
gaussian_postrelu,4,saved,train_probe,0.25,20,4.265108052062988,0.879874035963636,2.668552894592285,5.39132804107666
plain,0,recalibrated,test_probe,0.025,20,0.004956983184814467,0.002053612908149282,0.0020577697753906277,0.008858978271484408
plain,0,recalibrated,test_probe,0.05,20,0.021817236328125007,0.006639253498367104,0.010648300170898461,0.03270799255371093
plain,0,recalibrated,test_probe,0.1,20,0.0909640235900879,0.01956853726295163,0.059319717407226524,0.12870423889160165
plain,0,recalibrated,test_probe,0.2,20,0.382791194152832,0.06101890854174376,0.2806832275390626,0.5068106689453123
plain,0,recalibrated,test_probe,0.25,20,0.6163014587402345,0.09556604577342699,0.47261471557617185,0.8288229064941405
plain,0,recalibrated,train_probe,0.025,20,0.012399027633667003,0.0018498278248701265,0.009453048706054706,0.01647334289550781
plain,0,recalibrated,train_probe,0.05,20,0.04635681114196778,0.0069770610578055135,0.03681932830810544,0.06369864654541016
plain,0,recalibrated,train_probe,0.1,20,0.17226018295288087,0.024277076845616193,0.13858336639404298,0.23181572723388674
plain,0,recalibrated,train_probe,0.2,20,0.6232255348205566,0.07146595681718185,0.5039412536621094,0.7547496948242188
plain,0,recalibrated,train_probe,0.25,20,0.935511552429199,0.10302131022443942,0.7605728607177734,1.1318594818115235
plain,0,saved,test_probe,0.025,20,0.028961108398437452,0.007954303209376725,0.014233062744140601,0.04096691894531246
plain,0,saved,test_probe,0.05,20,0.12397481765747065,0.03325381037925011,0.06446440124511721,0.17479524230957022
plain,0,saved,test_probe,0.1,20,0.5734753532409668,0.16541513051397103,0.298620880126953,0.7989196472167968
plain,0,saved,test_probe,0.2,20,2.938939015197754,1.0459625508422399,1.5672612304687499,5.295966491699219
plain,0,saved,test_probe,0.25,20,4.845928305053711,1.7390962504873426,2.7389517211914063,9.121361633300781
plain,0,saved,train_probe,0.025,20,0.03659329471588134,0.006783861469898829,0.023804313659667953,0.046932327270507834
plain,0,saved,train_probe,0.05,20,0.15155132026672363,0.030879110493852627,0.09493868255615234,0.19340144348144533
plain,0,saved,train_probe,0.1,20,0.678169100189209,0.16734943750286566,0.3913209533691407,0.918871368408203
plain,0,saved,train_probe,0.2,20,3.292234831237793,1.0686546351540183,1.8720573272705079,5.7778236846923825
plain,0,saved,train_probe,0.25,20,5.297419009399414,1.765119374567092,3.1388974761962887,9.665325881958008
plain,1,recalibrated,test_probe,0.025,20,0.006521459960937548,0.0020419605595677686,0.0031071777343750773,0.010941406250000063
plain,1,recalibrated,test_probe,0.05,20,0.02698312377929691,0.006861794440553016,0.015123260498046909,0.03865502929687503
plain,1,recalibrated,test_probe,0.1,20,0.11143043518066409,0.024980834651940707,0.06158029174804691,0.1453426666259766
plain,1,recalibrated,test_probe,0.2,20,0.497115071105957,0.0969741805508728,0.33864472961425796,0.652623260498047
plain,1,recalibrated,test_probe,0.25,20,0.7965117141723632,0.14204627615806178,0.5612108154296874,0.989721649169922
plain,1,recalibrated,train_probe,0.025,20,0.015537424659728993,0.00308623839452506,0.010221473693847627,0.022348388671874997
plain,1,recalibrated,train_probe,0.05,20,0.05793953323364257,0.010540186934801108,0.03888762283325195,0.07493120956420896
plain,1,recalibrated,train_probe,0.1,20,0.21060129203796385,0.03699454975978644,0.14545795440673825,0.2644747085571289
plain,1,recalibrated,train_probe,0.2,20,0.7504387809753417,0.11107919024382662,0.5685141220092773,0.8941787185668946
plain,1,recalibrated,train_probe,0.25,20,1.1110167343139647,0.15357093807322297,0.8586384963989258,1.3174185256958006
plain,1,saved,test_probe,0.025,20,0.03717336959838868,0.014225164038930274,0.018487426757812453,0.07276681518554684
plain,1,saved,test_probe,0.05,20,0.15460988998413083,0.054775510744342,0.08493562316894532,0.28955084228515615
plain,1,saved,test_probe,0.1,20,0.7120375671386718,0.2297831722696423,0.3958604736328125,1.1942420654296875
plain,1,saved,test_probe,0.2,20,3.4327272186279294,0.9112733656441212,1.9336307067871092,4.988776153564453
plain,1,saved,test_probe,0.25,20,5.4326855773925775,1.3479514363366114,3.284626495361328,7.277580841064454
plain,1,saved,train_probe,0.025,20,0.04530290336608887,0.011983528263324298,0.027982452392578128,0.07949404525756837
plain,1,saved,train_probe,0.05,20,0.18505035972595216,0.05154277194264094,0.1063791885375977,0.32911351013183593
plain,1,saved,train_probe,0.1,20,0.8195357368469237,0.22676146522913973,0.4621956481933594,1.344158477783203
plain,1,saved,train_probe,0.2,20,3.7645762863159185,0.9265283509320069,2.35481655883789,5.266847045898438
plain,1,saved,train_probe,0.25,20,5.8613732727050785,1.3545732542148254,3.83550146484375,7.7861435546874995
plain,2,recalibrated,test_probe,0.025,20,0.006867514038085993,0.002587611105375641,0.0019022064208984446,0.011966491699218818
plain,2,recalibrated,test_probe,0.05,20,0.028520932006835982,0.008980897505290148,0.010284118652343799,0.045548141479492266
plain,2,recalibrated,test_probe,0.1,20,0.11107870788574226,0.023122251900951334,0.06076396179199217,0.16104589843750006
plain,2,recalibrated,test_probe,0.2,20,0.4733646980285645,0.07238439687637002,0.36538185119628896,0.635461181640625
plain,2,recalibrated,test_probe,0.25,20,0.7576317810058593,0.10661145948158375,0.6030960693359375,0.9759825134277345
plain,2,recalibrated,train_probe,0.025,20,0.015356618690490714,0.002108775482098145,0.011761951446533192,0.019195777893066396
plain,2,recalibrated,train_probe,0.05,20,0.05654705276489258,0.007504654691914904,0.04655546569824218,0.06973815917968745
plain,2,recalibrated,train_probe,0.1,20,0.20448145294189451,0.023825773225933794,0.17069072723388673,0.24412340545654293
plain,2,recalibrated,train_probe,0.2,20,0.709022646331787,0.07793999030299129,0.601904541015625,0.8308837280273438
plain,2,recalibrated,train_probe,0.25,20,1.0452871444702148,0.10794919477385297,0.9028978576660156,1.2088187255859375
plain,2,saved,test_probe,0.025,20,0.035677141571044894,0.011233904401701003,0.014668395996093708,0.06515869140624997
plain,2,saved,test_probe,0.05,20,0.14709371948242184,0.04922570057548422,0.060910598754882805,0.2778146057128906
plain,2,saved,test_probe,0.1,20,0.661398250579834,0.24080576744621493,0.2632476043701172,1.238104431152344
plain,2,saved,test_probe,0.2,20,3.1633876342773433,1.046436154992941,1.4821871337890626,5.4378511962890625
plain,2,saved,test_probe,0.25,20,4.957202487182617,1.4865794094200655,2.754542175292969,8.177671630859376
plain,2,saved,train_probe,0.025,20,0.04259127273559571,0.01115149447797699,0.024814968109130864,0.07319640731811522
plain,2,saved,train_probe,0.05,20,0.1729559268951416,0.048274793821929535,0.09238342285156254,0.3025086669921875
plain,2,saved,train_probe,0.1,20,0.7534807876586914,0.2428721943355169,0.34674336242675774,1.3449803161621092
plain,2,saved,train_probe,0.2,20,3.401003213500977,1.0654080288164884,1.691554412841797,5.845805206298829
plain,2,saved,train_probe,0.25,20,5.277018142700195,1.5194930192395173,2.9993526916503903,8.752376373291016
plain,3,recalibrated,test_probe,0.025,20,0.007440425109863308,0.0023508329551654157,0.003569702148437548,0.012862976074218713
plain,3,recalibrated,test_probe,0.05,20,0.029475222015380876,0.007608392198689156,0.01688565063476566,0.048774566650390705
plain,3,recalibrated,test_probe,0.1,20,0.11346654739379884,0.023833080019072573,0.06793290710449229,0.16849696350097654
plain,3,recalibrated,test_probe,0.2,20,0.44857624282836916,0.07334360059749223,0.3363645629882812,0.6075676269531252
plain,3,recalibrated,test_probe,0.25,20,0.7036232070922851,0.10687577962006566,0.5478479003906249,0.9630874633789064
plain,3,recalibrated,train_probe,0.025,20,0.01367249774932861,0.0024867795883998576,0.010339046478271469,0.020415332794189445
plain,3,recalibrated,train_probe,0.05,20,0.051703713798522954,0.009105253241208464,0.039448070526123064,0.0785359191894531
plain,3,recalibrated,train_probe,0.1,20,0.18923549308776855,0.028688463792127923,0.1551487045288086,0.27638573455810544
plain,3,recalibrated,train_probe,0.2,20,0.6781453186035156,0.08011850013899521,0.5758480606079102,0.864647102355957
plain,3,recalibrated,train_probe,0.25,20,1.008414771270752,0.11276614285175209,0.8666644821166991,1.2706192398071288
plain,3,saved,test_probe,0.025,20,0.03561441116333012,0.01609698980625427,0.015192245483398481,0.0729590454101563
plain,3,saved,test_probe,0.05,20,0.14589284057617186,0.0646333193943858,0.06766712951660159,0.3017773895263671
plain,3,saved,test_probe,0.1,20,0.6235915771484375,0.27047689995581886,0.3163011169433594,1.4118343811035157
plain,3,saved,test_probe,0.2,20,2.9248531082153315,1.2024508970846297,1.454520324707031,6.823865081787108
plain,3,saved,test_probe,0.25,20,4.70780966796875,1.944761134392434,2.3563063049316404,10.665872894287109
plain,3,saved,train_probe,0.025,20,0.03902458496093749,0.01355475785041832,0.02144078445434569,0.07368946456909181
plain,3,saved,train_probe,0.05,20,0.16401084060668944,0.05966757329248559,0.08762892150878904,0.31820399475097655
plain,3,saved,train_probe,0.1,20,0.7263895709991456,0.27912807935799017,0.3988526077270507,1.5364548950195311
plain,3,saved,train_probe,0.2,20,3.268336853027344,1.2257964725063248,1.7477013549804687,7.245148193359376
plain,3,saved,train_probe,0.25,20,5.121758851623536,1.9610494993199792,2.7300299987792966,11.178462646484375
plain,4,recalibrated,test_probe,0.025,20,0.00547589797973636,0.002295142885319576,0.002384628295898472,0.010873748779296921
plain,4,recalibrated,test_probe,0.05,20,0.02242002029418948,0.006799578276309405,0.0129584045410156,0.04115785217285162
plain,4,recalibrated,test_probe,0.1,20,0.09528635940551762,0.02171139019351211,0.06267515563964854,0.15395544433593755
plain,4,recalibrated,test_probe,0.2,20,0.42071414566040033,0.07961443177920835,0.26659716796875,0.6343254699707033
plain,4,recalibrated,test_probe,0.25,20,0.6793300796508788,0.11586588463467813,0.4318049621582032,0.9432066345214845
plain,4,recalibrated,train_probe,0.025,20,0.013447791671752928,0.002363957156953939,0.009154743194580095,0.018311786651611317
plain,4,recalibrated,train_probe,0.05,20,0.051465959930419934,0.008641516757587897,0.035725006103515644,0.06937169647216795
plain,4,recalibrated,train_probe,0.1,20,0.19197876052856447,0.03037597672857728,0.13459474945068362,0.26008746337890626
plain,4,recalibrated,train_probe,0.2,20,0.6867645973205566,0.09862709873376656,0.4886979522705078,0.91924267578125
plain,4,recalibrated,train_probe,0.25,20,1.0211390838623047,0.13823965119076495,0.7215596923828125,1.3254972229003905
plain,4,saved,test_probe,0.025,20,0.03003549118041997,0.014445927376371518,0.010021697998046863,0.06959072875976569
plain,4,saved,test_probe,0.05,20,0.12699744567871102,0.05984680365744647,0.04780216979980467,0.3041371765136721
plain,4,saved,test_probe,0.1,20,0.5711698097229005,0.25728321526421993,0.23751269531250008,1.3414205322265627
plain,4,saved,test_probe,0.2,20,2.7496309432983397,1.0018445724737242,1.2365108642578124,4.6440783081054695
plain,4,saved,test_probe,0.25,20,4.453364620971679,1.52217689952717,2.146521789550781,7.433858337402344
plain,4,saved,train_probe,0.025,20,0.0379118444442749,0.012104745602846762,0.0223524055480957,0.07552417755126953
plain,4,saved,train_probe,0.05,20,0.15873204402923585,0.05435343375075167,0.09206915283203126,0.33108198547363277
plain,4,saved,train_probe,0.1,20,0.6979450706481933,0.25448161862551266,0.37293284606933597,1.4713568267822268
plain,4,saved,train_probe,0.2,20,3.103362031555176,1.0146373780523794,1.569173355102539,5.021336807250976
plain,4,saved,train_probe,0.25,20,4.904269625854492,1.5471361494719307,2.5845876007080077,7.913531387329102
resolution_max_b1,0,recalibrated,test_probe,0.025,20,0.005587055969238264,0.0010809080038295792,0.0028193817138670862,0.007286895751953182
resolution_max_b1,0,recalibrated,test_probe,0.05,20,0.021602412414550777,0.003752428925045114,0.0133469543457031,0.028202331542968695
resolution_max_b1,0,recalibrated,test_probe,0.1,20,0.09012813644409176,0.014977944240440556,0.06524191284179692,0.11810379028320317
resolution_max_b1,0,recalibrated,test_probe,0.2,20,0.3909028099060059,0.06454828035570957,0.2641952514648438,0.521802047729492
resolution_max_b1,0,recalibrated,test_probe,0.25,20,0.6153166976928711,0.08859611170171412,0.42960366821289053,0.76856787109375
resolution_max_b1,0,recalibrated,train_probe,0.025,20,0.008495226669311531,0.0016587142566298094,0.006512695312499983,0.01277688598632809
resolution_max_b1,0,recalibrated,train_probe,0.05,20,0.033060627365112304,0.005642139893199759,0.025464660644531234,0.04883214569091798
resolution_max_b1,0,recalibrated,train_probe,0.1,20,0.1276066207885742,0.018339762324247267,0.09797935485839843,0.16858524322509766
resolution_max_b1,0,recalibrated,train_probe,0.2,20,0.4836103637695312,0.06313882377788997,0.36089933776855476,0.628531723022461
resolution_max_b1,0,recalibrated,train_probe,0.25,20,0.7372964172363281,0.08729702930883941,0.5516880645751954,0.9166005401611328
resolution_max_b1,0,saved,test_probe,0.025,20,0.020456007385253917,0.005866977271572381,0.012409545898437457,0.040424377441406256
resolution_max_b1,0,saved,test_probe,0.05,20,0.08411589355468749,0.024964426033338625,0.04638392639160149,0.16515666198730472
resolution_max_b1,0,saved,test_probe,0.1,20,0.38644730911254876,0.12387517237734895,0.1960011291503907,0.7584346618652342
resolution_max_b1,0,saved,test_probe,0.2,20,2.005909959411621,0.6347112680445439,0.95555419921875,3.566082489013672
resolution_max_b1,0,saved,test_probe,0.25,20,3.337556492614746,1.0116117237577158,1.6078334350585937,5.575540802001953
resolution_max_b1,0,saved,train_probe,0.025,20,0.024211091995239263,0.005708732184180378,0.014754516601562517,0.0394612197875977
resolution_max_b1,0,saved,train_probe,0.05,20,0.09873520317077639,0.025567613323880196,0.056714256286621134,0.17145472717285154
resolution_max_b1,0,saved,train_probe,0.1,20,0.4337452308654786,0.12878135562028278,0.23055438232421882,0.8082489318847657
resolution_max_b1,0,saved,train_probe,0.2,20,2.1201375030517573,0.6510042947413168,1.0427604064941407,3.780453216552734
resolution_max_b1,0,saved,train_probe,0.25,20,3.4825484725952145,1.029302290408853,1.7467663269042972,5.830366241455078
resolution_max_b1,1,recalibrated,test_probe,0.025,20,0.00696072769165042,0.0016473344977563982,0.0040077667236328995,0.010237930297851583
resolution_max_b1,1,recalibrated,test_probe,0.05,20,0.025574848175048855,0.005629900737760963,0.015763458251953244,0.03954573059082034
resolution_max_b1,1,recalibrated,test_probe,0.1,20,0.09640161743164066,0.019867792841516137,0.06561741638183594,0.14875053405761718
resolution_max_b1,1,recalibrated,test_probe,0.2,20,0.3936639373779297,0.07700102697560357,0.26812789916992186,0.5450081176757813
resolution_max_b1,1,recalibrated,test_probe,0.25,20,0.6317660263061524,0.12169679772051623,0.41772447204589847,0.8360256652832032
resolution_max_b1,1,recalibrated,train_probe,0.025,20,0.008378232192993187,0.0013572958094914668,0.006144493103027393,0.011883804321289049
resolution_max_b1,1,recalibrated,train_probe,0.05,20,0.033189323043823285,0.005386734840671635,0.02462974548339847,0.04750254058837894
resolution_max_b1,1,recalibrated,train_probe,0.1,20,0.12750959548950197,0.02093217231901643,0.0970332794189453,0.1835276260375977
resolution_max_b1,1,recalibrated,train_probe,0.2,20,0.4964131401062012,0.08068131118011244,0.3531596069335938,0.6658551940917969
resolution_max_b1,1,recalibrated,train_probe,0.25,20,0.7698377937316895,0.12575774890982677,0.5357862243652345,0.9892472534179688
resolution_max_b1,1,saved,test_probe,0.025,20,0.025140747070312518,0.009992905092582703,0.014064620971679709,0.06081239318847653
resolution_max_b1,1,saved,test_probe,0.05,20,0.1028121635437012,0.04229566366756764,0.058546508789062424,0.25554887390136716
resolution_max_b1,1,saved,test_probe,0.1,20,0.459289469909668,0.1905593857977034,0.24205192565917977,1.1275198974609375
resolution_max_b1,1,saved,test_probe,0.2,20,2.4413972412109377,0.8534701358367123,1.3397810974121094,4.708256561279297
resolution_max_b1,1,saved,test_probe,0.25,20,4.08951100769043,1.2694288978049333,2.3348830261230473,6.91393344116211
resolution_max_b1,1,saved,train_probe,0.025,20,0.027395166397094717,0.008704777788868837,0.015514839172363237,0.05889921569824219
resolution_max_b1,1,saved,train_probe,0.05,20,0.11127819213867188,0.03705733948499754,0.06562669372558594,0.2459603195190429
resolution_max_b1,1,saved,train_probe,0.1,20,0.500111173248291,0.1810580611281732,0.2933397979736328,1.1340753936767578
resolution_max_b1,1,saved,train_probe,0.2,20,2.5700424530029298,0.8510571389929967,1.4903285980224612,4.852330551147461
resolution_max_b1,1,saved,train_probe,0.25,20,4.258087414550782,1.2809299648876755,2.4836141815185546,7.111075607299806
resolution_max_b1,2,recalibrated,test_probe,0.025,20,0.00626970481872558,0.001298898064397983,0.004336853027343768,0.009595870971679688
resolution_max_b1,2,recalibrated,test_probe,0.05,20,0.02420649261474609,0.005393653049275002,0.017981658935546818,0.038776901245117124
resolution_max_b1,2,recalibrated,test_probe,0.1,20,0.09681775741577148,0.019713768145987676,0.07148600769042968,0.14856950378417966
resolution_max_b1,2,recalibrated,test_probe,0.2,20,0.39963134536743167,0.06798770757378783,0.2851575622558593,0.5181456146240235
resolution_max_b1,2,recalibrated,test_probe,0.25,20,0.6372648178100586,0.10208613276658497,0.45581988525390615,0.803447265625
resolution_max_b1,2,recalibrated,train_probe,0.025,20,0.008494845199584952,0.001835984408990839,0.005642662048339853,0.012725730895996046
resolution_max_b1,2,recalibrated,train_probe,0.05,20,0.0338915615081787,0.007138701541910639,0.02346155548095702,0.051452262878417976
resolution_max_b1,2,recalibrated,train_probe,0.1,20,0.13052781944274902,0.023528644229285245,0.09637104797363283,0.1803300018310547
resolution_max_b1,2,recalibrated,train_probe,0.2,20,0.5005344985961915,0.07774588630731613,0.38167004394531256,0.6284263458251953
resolution_max_b1,2,recalibrated,train_probe,0.25,20,0.7695142700195313,0.11191627711651796,0.5894474945068359,0.9408663787841797
resolution_max_b1,2,saved,test_probe,0.025,20,0.021095660400390653,0.008588606226777673,0.011351699829101558,0.053872314453125014
resolution_max_b1,2,saved,test_probe,0.05,20,0.08796348648071292,0.036472860496356736,0.04760157775878904,0.22617549133300785
resolution_max_b1,2,saved,test_probe,0.1,20,0.40768477249145507,0.18251087937714558,0.22358326721191413,1.0789100341796876
resolution_max_b1,2,saved,test_probe,0.2,20,2.163459242248535,0.9091361288781913,1.3475364990234375,4.997482208251953
resolution_max_b1,2,saved,test_probe,0.25,20,3.6792689361572264,1.343577768649567,2.462634796142578,7.2538395080566405
resolution_max_b1,2,saved,train_probe,0.025,20,0.024732865905761715,0.008815789708556076,0.015284698486328074,0.05733274841308594
resolution_max_b1,2,saved,train_probe,0.05,20,0.10211292648315426,0.037315835274641405,0.06441471862792969,0.23980895996093743
resolution_max_b1,2,saved,train_probe,0.1,20,0.45676535339355473,0.18719510364335168,0.27646955871582035,1.136812744140625
resolution_max_b1,2,saved,train_probe,0.2,20,2.308367546081543,0.9373653261007713,1.5110209960937502,5.1746550598144525
resolution_max_b1,2,saved,train_probe,0.25,20,3.8726374999999997,1.397245796002979,2.660826141357422,7.584180328369141
resolution_max_b1,3,recalibrated,test_probe,0.025,20,0.006013800811767578,0.002249541454563149,0.0030900878906250373,0.013593856811523475
resolution_max_b1,3,recalibrated,test_probe,0.05,20,0.02471163101196287,0.007574168771701219,0.01580519104003897,0.049565979003906246
resolution_max_b1,3,recalibrated,test_probe,0.1,20,0.10076698837280271,0.022972306256259067,0.06868913269042976,0.1551490936279296
resolution_max_b1,3,recalibrated,test_probe,0.2,20,0.41037218780517587,0.07309667501335632,0.29201458740234376,0.5436389465332032
resolution_max_b1,3,recalibrated,test_probe,0.25,20,0.6506780464172364,0.10471271637221105,0.46716412353515624,0.836219970703125
resolution_max_b1,3,recalibrated,train_probe,0.025,20,0.010524611663818378,0.002643275008409699,0.007375862121582033,0.01942467498779299
resolution_max_b1,3,recalibrated,train_probe,0.05,20,0.03990290298461916,0.008664502111380012,0.02757526397705079,0.06700163269042969
resolution_max_b1,3,recalibrated,train_probe,0.1,20,0.14222774429321292,0.02523370964732416,0.10450717163085943,0.21232009887695313
resolution_max_b1,3,recalibrated,train_probe,0.2,20,0.5117033645629884,0.07322614325725045,0.3958774261474609,0.6501175537109376
resolution_max_b1,3,recalibrated,train_probe,0.25,20,0.7808683212280274,0.10190171848692686,0.6224313659667968,0.9529579162597654
resolution_max_b1,3,saved,test_probe,0.025,20,0.02244026260375978,0.0072936535578065394,0.010400039672851635,0.04034486389160152
resolution_max_b1,3,saved,test_probe,0.05,20,0.09416161422729494,0.02865070956068539,0.05060498046875006,0.1675096893310547
resolution_max_b1,3,saved,test_probe,0.1,20,0.41604517364501953,0.12725508772849603,0.232851821899414,0.7833253173828125
resolution_max_b1,3,saved,test_probe,0.2,20,2.116509414672852,0.6663243179925699,1.4570128479003905,4.323578216552734
resolution_max_b1,3,saved,test_probe,0.25,20,3.5637530426025386,1.0979058729928348,2.514745880126953,6.997241729736328
resolution_max_b1,3,saved,train_probe,0.025,20,0.02826213264465331,0.0067728698024871635,0.019933341979980423,0.04438963317871092
resolution_max_b1,3,saved,train_probe,0.05,20,0.11129710311889647,0.027870429415644906,0.07724503326416016,0.17946142578125002
resolution_max_b1,3,saved,train_probe,0.1,20,0.4641763435363768,0.12878097594979515,0.3034698944091797,0.8241780700683594
resolution_max_b1,3,saved,train_probe,0.2,20,2.253583734130859,0.6892894341934384,1.5388961181640626,4.471536743164062
resolution_max_b1,3,saved,train_probe,0.25,20,3.762552239990234,1.1212482353560551,2.586297424316406,7.166897155761719
resolution_max_b1,4,recalibrated,test_probe,0.025,20,0.005263546752929687,0.00143796253205664,0.0032004547119141025,0.008275405883789055
resolution_max_b1,4,recalibrated,test_probe,0.05,20,0.020560852813720703,0.0050632710739024495,0.012393188476562456,0.03055776977539071
resolution_max_b1,4,recalibrated,test_probe,0.1,20,0.09024477386474608,0.02432018238259372,0.049154220581054675,0.13845732116699216
resolution_max_b1,4,recalibrated,test_probe,0.2,20,0.39527130126953125,0.09784992826222902,0.21994015502929687,0.5922407531738283
resolution_max_b1,4,recalibrated,test_probe,0.25,20,0.6361116653442382,0.14315771538281707,0.3587609405517578,0.9022237243652345
resolution_max_b1,4,recalibrated,train_probe,0.025,20,0.009513094329833976,0.002229379183565469,0.005929908752441371,0.015863708496093754
resolution_max_b1,4,recalibrated,train_probe,0.05,20,0.03647861175537108,0.00829086039102099,0.021754615783691422,0.058886405944824194
resolution_max_b1,4,recalibrated,train_probe,0.1,20,0.13441104736328124,0.029540165247530406,0.0812965393066406,0.20983860015869138
resolution_max_b1,4,recalibrated,train_probe,0.2,20,0.5068849609375,0.10820125504270468,0.3045672302246094,0.7306402893066406
resolution_max_b1,4,recalibrated,train_probe,0.25,20,0.7788164962768553,0.1538342545789564,0.4770705108642579,1.0498924713134765
resolution_max_b1,4,saved,test_probe,0.025,20,0.021040343475341765,0.008501850292430922,0.010015518188476569,0.04308993530273442
resolution_max_b1,4,saved,test_probe,0.05,20,0.088195832824707,0.03684859945572144,0.04182147216796872,0.18839811706542964
resolution_max_b1,4,saved,test_probe,0.1,20,0.41099729766845694,0.18346334932857453,0.18534109497070317,0.9702313537597654
resolution_max_b1,4,saved,test_probe,0.2,20,2.1076355224609373,0.7827169078072603,1.0287764587402344,4.264470916748047
resolution_max_b1,4,saved,test_probe,0.25,20,3.5122147125244134,1.142590951713474,1.944247833251953,6.465073822021484
resolution_max_b1,4,saved,train_probe,0.025,20,0.026544445800781247,0.009002570109357165,0.014587486267089833,0.05284981536865235
resolution_max_b1,4,saved,train_probe,0.05,20,0.1090100326538086,0.0380652820750293,0.0606406173706055,0.22200534057617188
resolution_max_b1,4,saved,train_probe,0.1,20,0.47984382400512693,0.18727993007641275,0.244343521118164,1.0610678100585937
resolution_max_b1,4,saved,train_probe,0.2,20,2.289517137145996,0.7834792257995794,1.1643414916992187,4.416476013183594
resolution_max_b1,4,saved,train_probe,0.25,20,3.735518846130371,1.1426934489489184,2.095128173828125,6.589853088378907
resolution_max_b1_gaussian_conv,0,recalibrated,test_probe,0.025,20,0.004432316207885795,0.0009333779539207514,0.00310225677490239,0.006061096191406268
resolution_max_b1_gaussian_conv,0,recalibrated,test_probe,0.05,20,0.01665916595458989,0.0031174513953707637,0.01170791625976575,0.022960838317871102
resolution_max_b1_gaussian_conv,0,recalibrated,test_probe,0.1,20,0.06861350021362309,0.01199114071089018,0.049585433959960956,0.0916627349853516
resolution_max_b1_gaussian_conv,0,recalibrated,test_probe,0.2,20,0.3103053741455079,0.04529826866164104,0.23433195495605474,0.3930772399902345
resolution_max_b1_gaussian_conv,0,recalibrated,test_probe,0.25,20,0.510620088195801,0.06917390202428496,0.39234640502929685,0.6298851318359378
resolution_max_b1_gaussian_conv,0,recalibrated,train_probe,0.025,20,0.006635658264160157,0.0011410844755669316,0.004882606506347642,0.008888885498046895
resolution_max_b1_gaussian_conv,0,recalibrated,train_probe,0.05,20,0.025390794754028324,0.004409854213980473,0.01930686950683591,0.03463831329345701
resolution_max_b1_gaussian_conv,0,recalibrated,train_probe,0.1,20,0.09677053833007812,0.014844948979137358,0.07483563995361331,0.12899110412597659
resolution_max_b1_gaussian_conv,0,recalibrated,train_probe,0.2,20,0.3872781204223633,0.05230003900815113,0.3011474609375,0.4954827270507812
resolution_max_b1_gaussian_conv,0,recalibrated,train_probe,0.25,20,0.615900210571289,0.07800748396908691,0.48261779785156256,0.7611838989257812
resolution_max_b1_gaussian_conv,0,saved,test_probe,0.025,20,0.01753032569885249,0.005413309962368284,0.009728118896484395,0.03185372924804686
resolution_max_b1_gaussian_conv,0,saved,test_probe,0.05,20,0.07222434082031248,0.02365286684723806,0.040140167236328184,0.14143203735351562
resolution_max_b1_gaussian_conv,0,saved,test_probe,0.1,20,0.3284506851196289,0.11230049428567224,0.17802197265624997,0.6654679870605469
resolution_max_b1_gaussian_conv,0,saved,test_probe,0.2,20,1.712744808959961,0.5541721227093714,0.9236640624999999,3.0324012145996098
resolution_max_b1_gaussian_conv,0,saved,test_probe,0.25,20,2.9186692474365232,0.9164087094603492,1.6271392517089844,4.807384368896484
resolution_max_b1_gaussian_conv,0,saved,train_probe,0.025,20,0.02002742233276365,0.005247923678138938,0.012540367126464835,0.03520014953613282
resolution_max_b1_gaussian_conv,0,saved,train_probe,0.05,20,0.08047396850585935,0.02143387630922927,0.050314178466796866,0.14397749328613274
resolution_max_b1_gaussian_conv,0,saved,train_probe,0.1,20,0.34856939430236816,0.09972387758392405,0.20572225952148437,0.6461151275634766
resolution_max_b1_gaussian_conv,0,saved,train_probe,0.2,20,1.781964908599853,0.5302748856203049,0.9781407623291015,3.0585912475585935
resolution_max_b1_gaussian_conv,0,saved,train_probe,0.25,20,3.018059425354003,0.9019632808874207,1.6958510437011718,4.911401733398438
resolution_max_b1_gaussian_conv,1,recalibrated,test_probe,0.025,20,0.004804856109619093,0.0013769822044573036,0.0020475921630859206,0.007438064575195247
resolution_max_b1_gaussian_conv,1,recalibrated,test_probe,0.05,20,0.019729074096679643,0.005499713840912735,0.009262802124023417,0.032949615478515604
resolution_max_b1_gaussian_conv,1,recalibrated,test_probe,0.1,20,0.08277341537475581,0.019899440941500493,0.04894723510742183,0.13155685424804686
resolution_max_b1_gaussian_conv,1,recalibrated,test_probe,0.2,20,0.35480104522705075,0.06508387268088446,0.23913049316406254,0.47036846923828124
resolution_max_b1_gaussian_conv,1,recalibrated,test_probe,0.25,20,0.5764079444885253,0.09903137392400249,0.3994905700683593,0.7678816833496094
resolution_max_b1_gaussian_conv,1,recalibrated,train_probe,0.025,20,0.008399272155761733,0.0020264375559940965,0.0049933700561523575,0.013743850708007821
resolution_max_b1_gaussian_conv,1,recalibrated,train_probe,0.05,20,0.03283593177795411,0.00824987101606881,0.019873886108398464,0.056501960754394565
resolution_max_b1_gaussian_conv,1,recalibrated,train_probe,0.1,20,0.12131051177978516,0.02786175961692978,0.07418572235107423,0.19591603088378906
resolution_max_b1_gaussian_conv,1,recalibrated,train_probe,0.2,20,0.45520739593505855,0.08754312499870656,0.2889458312988281,0.5993730316162109
resolution_max_b1_gaussian_conv,1,recalibrated,train_probe,0.25,20,0.7055268432617188,0.12895816235192203,0.4633051757812501,0.9130881652832032
resolution_max_b1_gaussian_conv,1,saved,test_probe,0.025,20,0.02145573959350582,0.009043084587654309,0.007750671386718699,0.04898811340332032
resolution_max_b1_gaussian_conv,1,saved,test_probe,0.05,20,0.09012307357788082,0.03885479008359724,0.03241699218749994,0.20946665954589838
resolution_max_b1_gaussian_conv,1,saved,test_probe,0.1,20,0.4130840927124023,0.18121522777555893,0.13891477966308585,0.9521494140625
resolution_max_b1_gaussian_conv,1,saved,test_probe,0.2,20,2.176922720336914,0.8315454603305585,0.7725023803710938,4.150225128173829
resolution_max_b1_gaussian_conv,1,saved,test_probe,0.25,20,3.614455346679688,1.2551812096848742,1.4019615783691406,6.3470317687988285
resolution_max_b1_gaussian_conv,1,saved,train_probe,0.025,20,0.025586125946044924,0.009464625986301363,0.011722366333007772,0.05583071899414066
resolution_max_b1_gaussian_conv,1,saved,train_probe,0.05,20,0.10501655731201172,0.03984173946206214,0.04591928100585935,0.22955444335937497
resolution_max_b1_gaussian_conv,1,saved,train_probe,0.1,20,0.46541232681274414,0.1879373975900914,0.1872162017822266,1.0165213317871094
resolution_max_b1_gaussian_conv,1,saved,train_probe,0.2,20,2.330781413269043,0.8647033618513333,0.893200408935547,4.299366241455078
resolution_max_b1_gaussian_conv,1,saved,train_probe,0.25,20,3.8075760391235356,1.295989111939083,1.5431515197753907,6.70755191040039
resolution_max_b1_gaussian_conv,2,recalibrated,test_probe,0.025,20,0.005177032470703074,0.0013304807786843611,0.0030254440307616592,0.00857729339599611
resolution_max_b1_gaussian_conv,2,recalibrated,test_probe,0.05,20,0.021336899948120068,0.0042038983306004005,0.014753799438476545,0.02924298095703126
resolution_max_b1_gaussian_conv,2,recalibrated,test_probe,0.1,20,0.08901502456665036,0.01491685671573314,0.06082398986816406,0.11587081909179686
resolution_max_b1_gaussian_conv,2,recalibrated,test_probe,0.2,20,0.3745176300048828,0.05515736387289029,0.27286000061035154,0.4778559875488281
resolution_max_b1_gaussian_conv,2,recalibrated,test_probe,0.25,20,0.6028090560913085,0.08381699442077445,0.45693087768554685,0.7551104125976563
resolution_max_b1_gaussian_conv,2,recalibrated,train_probe,0.025,20,0.008035400772094744,0.0014383335421250915,0.0054162979125976785,0.010830451965332055
resolution_max_b1_gaussian_conv,2,recalibrated,train_probe,0.05,20,0.032262938308715836,0.005498245457737852,0.022050468444824223,0.04427199554443362
resolution_max_b1_gaussian_conv,2,recalibrated,train_probe,0.1,20,0.12508636322021488,0.019189672412609753,0.08575732421875004,0.15839618682861334
resolution_max_b1_gaussian_conv,2,recalibrated,train_probe,0.2,20,0.47976005172729497,0.06604704552923518,0.35096635437011714,0.5966461944580079
resolution_max_b1_gaussian_conv,2,recalibrated,train_probe,0.25,20,0.7385370674133303,0.09523024995584642,0.5551736755371094,0.8967197875976562
resolution_max_b1_gaussian_conv,2,saved,test_probe,0.025,20,0.019359255218505837,0.006445965882869992,0.01099793243408198,0.035406562805175734
resolution_max_b1_gaussian_conv,2,saved,test_probe,0.05,20,0.08189777832031249,0.02633075608863063,0.04898492431640622,0.14972743225097662
resolution_max_b1_gaussian_conv,2,saved,test_probe,0.1,20,0.3810617004394531,0.12211107513878017,0.2179710998535156,0.710213638305664
resolution_max_b1_gaussian_conv,2,saved,test_probe,0.2,20,2.1168462020874026,0.6661710825711558,1.1334895629882813,4.044980987548828
resolution_max_b1_gaussian_conv,2,saved,test_probe,0.25,20,3.6515903564453125,1.1713350651712335,1.9499149475097655,7.179280853271485
resolution_max_b1_gaussian_conv,2,saved,train_probe,0.025,20,0.02331196212768552,0.006372603515868708,0.014107643127441394,0.038681060791015576
resolution_max_b1_gaussian_conv,2,saved,train_probe,0.05,20,0.09599412574768063,0.025996389831766886,0.05963074493408199,0.16111624908447258
resolution_max_b1_gaussian_conv,2,saved,train_probe,0.1,20,0.431810750579834,0.12139334142815032,0.25977120971679685,0.7455774536132813
resolution_max_b1_gaussian_conv,2,saved,train_probe,0.2,20,2.271205952453613,0.6672015013776095,1.2613814392089844,4.167251922607422
resolution_max_b1_gaussian_conv,2,saved,train_probe,0.25,20,3.843466285705567,1.1810423629506805,2.1060321655273437,7.3950031433105465
resolution_max_b1_gaussian_conv,3,recalibrated,test_probe,0.025,20,0.006363064956665071,0.002274710010438889,0.003866119384765665,0.012496574401855476
resolution_max_b1_gaussian_conv,3,recalibrated,test_probe,0.05,20,0.02782978401184085,0.010790658676180752,0.016138366699218754,0.05331045532226564
resolution_max_b1_gaussian_conv,3,recalibrated,test_probe,0.1,20,0.12209963760375979,0.04696603895706343,0.07312979125976571,0.2211618804931641
resolution_max_b1_gaussian_conv,3,recalibrated,test_probe,0.2,20,0.5005763816833496,0.13130400775231074,0.331186050415039,0.8682244262695313
resolution_max_b1_gaussian_conv,3,recalibrated,test_probe,0.25,20,0.7597527091979981,0.16606159231498163,0.5347963256835937,1.2474001770019532
resolution_max_b1_gaussian_conv,3,recalibrated,train_probe,0.025,20,0.01201667594909668,0.003011367898154265,0.008863449096679688,0.018353698730468715
resolution_max_b1_gaussian_conv,3,recalibrated,train_probe,0.05,20,0.044974700546264644,0.011631289629013091,0.03269873809814455,0.07132257080078125
resolution_max_b1_gaussian_conv,3,recalibrated,train_probe,0.1,20,0.16427076301574708,0.04172089139975615,0.11719879913330078,0.24829216766357426
resolution_max_b1_gaussian_conv,3,recalibrated,train_probe,0.2,20,0.5847204772949219,0.1241556746248583,0.41846470642089845,0.9214763031005859
resolution_max_b1_gaussian_conv,3,recalibrated,train_probe,0.25,20,0.8665767196655274,0.1592276516440196,0.6410399475097657,1.3069833526611327
resolution_max_b1_gaussian_conv,3,saved,test_probe,0.025,20,0.019931764984130886,0.007320246280244238,0.011629638671875053,0.03996431732177741
resolution_max_b1_gaussian_conv,3,saved,test_probe,0.05,20,0.08650973777771001,0.032723078946450955,0.05008640289306643,0.18167410278320317
resolution_max_b1_gaussian_conv,3,saved,test_probe,0.1,20,0.416794679260254,0.15599883565293673,0.23963131713867192,0.9037237548828125
resolution_max_b1_gaussian_conv,3,saved,test_probe,0.2,20,2.100041700744629,0.6284433000126608,1.426613800048828,3.8008228759765617
resolution_max_b1_gaussian_conv,3,saved,test_probe,0.25,20,3.4080306991577145,0.8700127499183026,2.406153442382813,5.217117797851562
resolution_max_b1_gaussian_conv,3,saved,train_probe,0.025,20,0.026502653503417996,0.00807989340399673,0.015440841674804695,0.0504645538330078
resolution_max_b1_gaussian_conv,3,saved,train_probe,0.05,20,0.10618796424865726,0.033508044659947556,0.06058596801757815,0.2069312591552735
resolution_max_b1_gaussian_conv,3,saved,train_probe,0.1,20,0.45970566329956064,0.16039599878155894,0.24876266479492198,0.9491792297363282
resolution_max_b1_gaussian_conv,3,saved,train_probe,0.2,20,2.2153254714965818,0.6539454490666929,1.4307938385009766,3.9579603729248047
resolution_max_b1_gaussian_conv,3,saved,train_probe,0.25,20,3.5703279541015625,0.8967601679107697,2.5258359222412112,5.412666122436524
resolution_max_b1_gaussian_conv,4,recalibrated,test_probe,0.025,20,0.00586380462646483,0.0017416148194820639,0.003384811401367205,0.009648513793945324
resolution_max_b1_gaussian_conv,4,recalibrated,test_probe,0.05,20,0.023525848388671878,0.00699467832713669,0.01358963012695319,0.03750965881347651
resolution_max_b1_gaussian_conv,4,recalibrated,test_probe,0.1,20,0.09252888031005857,0.024512725710274758,0.05453446960449221,0.1425495452880859
resolution_max_b1_gaussian_conv,4,recalibrated,test_probe,0.2,20,0.3665179069519043,0.09011172338433333,0.21153799438476556,0.5780229492187501
resolution_max_b1_gaussian_conv,4,recalibrated,test_probe,0.25,20,0.5800961204528808,0.12874283521086638,0.3436738739013672,0.8876639404296873
resolution_max_b1_gaussian_conv,4,recalibrated,train_probe,0.025,20,0.008793351745605468,0.00274062764968049,0.005009483337402365,0.014003097534179665
resolution_max_b1_gaussian_conv,4,recalibrated,train_probe,0.05,20,0.033087691116333,0.010005001257495916,0.01952404022216797,0.05264855957031245
resolution_max_b1_gaussian_conv,4,recalibrated,train_probe,0.1,20,0.12130445251464841,0.033534024728049915,0.06980319213867187,0.18334314727783202
resolution_max_b1_gaussian_conv,4,recalibrated,train_probe,0.2,20,0.4421464309692382,0.10565092433080794,0.26011096191406247,0.6845476837158203
resolution_max_b1_gaussian_conv,4,recalibrated,train_probe,0.25,20,0.6805017738342285,0.14744603874612447,0.41361315917968755,1.0386301422119142
resolution_max_b1_gaussian_conv,4,saved,test_probe,0.025,20,0.020774064254760756,0.007122004700170854,0.011047935485839822,0.0381795272827149
resolution_max_b1_gaussian_conv,4,saved,test_probe,0.05,20,0.08482177238464357,0.030817394688014546,0.04474902343749998,0.163576416015625
resolution_max_b1_gaussian_conv,4,saved,test_probe,0.1,20,0.3792816589355469,0.15078701902936958,0.19067835998535154,0.7776725463867188
resolution_max_b1_gaussian_conv,4,saved,test_probe,0.2,20,1.9234014129638677,0.6505596440680949,0.974602508544922,3.2461211242675785
resolution_max_b1_gaussian_conv,4,saved,test_probe,0.25,20,3.2551330688476554,0.9844175519051688,1.7438716735839845,4.981230987548828
resolution_max_b1_gaussian_conv,4,saved,train_probe,0.025,20,0.023852347946166995,0.008015385374563278,0.012877723693847654,0.04228343200683593
resolution_max_b1_gaussian_conv,4,saved,train_probe,0.05,20,0.09508418769836424,0.03219445022073687,0.050347976684570306,0.16852713775634764
resolution_max_b1_gaussian_conv,4,saved,train_probe,0.1,20,0.4086433265686035,0.14998022326267943,0.2064774017333984,0.7881976470947267
resolution_max_b1_gaussian_conv,4,saved,train_probe,0.2,20,2.0256754989624026,0.663551533597695,1.055841323852539,3.3187210845947264
resolution_max_b1_gaussian_conv,4,saved,train_probe,0.25,20,3.4057876129150393,1.0202597909431714,1.9007227935791016,5.281712783813476
