seed,epoch,lr,train_loss,train_acc_batchwise,epoch_s,img_per_s,s_mean,s_min_block,s_max_block,s_blocks,test_loss,test_acc,test_acc_at_s1,ratio_mean,ratio_last_block,grad_norm_mean
0,0,0.04971170810820279,2.16253266795989,0.18724798387096775,1.478931188583374,2683.0186763461484,0.0967741935483871,0.0967741935483871,0.0967741935483871,"[0.0967741935483871, 0.0967741935483871, 0.0967741935483871, 0.0967741935483871, 0.0967741935483871, 0.0967741935483871, 0.0967741935483871, 0.0967741935483871]",2.1032093017578126,0.2093,0.1,0.1496019702894198,0.18681685541125764,0.3378418870268127
0,1,0.04881525289050823,1.9599214715342368,0.2540322580645161,0.4655120372772217,8523.947142610572,0.1967741935483871,0.1967741935483871,0.1967741935483871,"[0.1967741935483871, 0.1967741935483871, 0.1967741935483871, 0.1967741935483871, 0.1967741935483871, 0.1967741935483871, 0.1967741935483871, 0.1967741935483871]",2.0206912109375,0.2387,0.1,0.3135016399168147,0.3803742769478649,1.003710866703227
0,2,0.04733238710835648,1.8269653666403987,0.2991431451612903,0.4695091247558594,8451.379942963462,0.2967741935483871,0.2967741935483871,0.2967741935483871,"[0.2967741935483871, 0.2967741935483871, 0.2967741935483871, 0.2967741935483871, 0.2967741935483871, 0.2967741935483871, 0.2967741935483871, 0.2967741935483871]",1.8070066162109375,0.305,0.1013,0.45469341992621115,0.5841494922284014,0.8866456881511408
0,3,0.045299623838653484,1.699830078309582,0.34349798387096775,0.4691028594970703,8458.69923763443,0.3967741935483871,0.3967741935483871,0.3967741935483871,"[0.3967741935483871, 0.3967741935483871, 0.3967741935483871, 0.3967741935483871, 0.3967741935483871, 0.3967741935483871, 0.3967741935483871, 0.3967741935483871]",1.8630245178222655,0.3052,0.1,0.5129187521567067,0.6023984537381506,2.7184766256539357
0,4,0.042767016459453834,1.5940040349960327,0.40423387096774194,0.4693441390991211,8454.350804542582,0.4967741935483871,0.4967741935483871,0.4967741935483871,"[0.4967741935483871, 0.4967741935483871, 0.4967741935483871, 0.4967741935483871, 0.4967741935483871, 0.4967741935483871, 0.4967741935483871, 0.4967741935483871]",1.5993281494140625,0.4002,0.1293,0.6231709606957085,0.7086266490715868,1.4495715870740051
0,5,0.03979692616967543,1.52041922461602,0.43119959677419356,0.4682607650756836,8473.910897400649,0.5967741935483871,0.5967741935483871,0.5967741935483871,"[0.5967741935483871, 0.5967741935483871, 0.5967741935483871, 0.5967741935483871, 0.5967741935483871, 0.5967741935483871, 0.5967741935483871, 0.5967741935483871]",1.5703142395019531,0.4307,0.187,0.6575728649577844,0.7344391468376548,1.5299492469527578
0,6,0.03646248644941716,1.4248524981160318,0.4639616935483871,0.48012328147888184,8264.544030811661,0.6967741935483871,0.6967741935483871,0.6967741935483871,"[0.6967741935483871, 0.6967741935483871, 0.6967741935483871, 0.6967741935483871, 0.6967741935483871, 0.6967741935483871, 0.6967741935483871, 0.6967741935483871]",1.467824951171875,0.4722,0.3343,0.7360409234232215,0.7841636702180484,1.2526859740311356
0,7,0.03284580227096273,1.3490023305339198,0.4939516129032258,0.4689600467681885,8461.27517119048,0.7967741935483871,0.7967741935483871,0.7967741935483871,"[0.7967741935483871, 0.7967741935483871, 0.7967741935483871, 0.7967741935483871, 0.7967741935483871, 0.7967741935483871, 0.7967741935483871, 0.7967741935483871]",1.6565485290527344,0.4406,0.2783,0.831714996040541,0.8516153043179944,4.861623271454425
0,8,0.029035928401872337,1.2890782702353694,0.5206653225806451,0.4684891700744629,8469.779566877321,0.896774193548387,0.896774193548387,0.896774193548387,"[0.896774193548387, 0.896774193548387, 0.896774193548387, 0.896774193548387, 0.896774193548387, 0.896774193548387, 0.896774193548387, 0.896774193548387]",1.8009092529296875,0.4207,0.3871,0.8973478083990368,0.8727038565060842,6.534021558242547
0,9,0.025126676581049414,1.2312926207819292,0.5524193548387096,0.4688408374786377,8463.426567829212,0.9967741935483871,0.9967741935483871,0.9967741935483871,"[0.9967741935483871, 0.9967741935483871, 0.9967741935483871, 0.9967741935483871, 0.9967741935483871, 0.9967741935483871, 0.9967741935483871, 0.9967741935483871]",1.390185400390625,0.5134,0.5143,0.9557538035619149,0.9334920959639759,1.9823136460464468
0,10,0.021214305562385592,1.1598956085020495,0.5758568548387096,0.4638972282409668,8553.618686289848,1.0,1.0,1.0,"[1.0, 1.0, 1.0, 1.0, 1.0, 1.0, 1.0, 1.0]",1.349065399169922,0.5275,0.5275,0.9459676781058872,0.889571149311264,3.1708760041826984
0,11,0.017395150904775336,1.073630679038263,0.6040826612903226,0.45751190185546875,8672.998415795355,1.0,1.0,1.0,"[1.0, 1.0, 1.0, 1.0, 1.0, 1.0, 1.0, 1.0]",1.2384446166992187,0.5628,0.5628,0.9478260145482058,0.9144365801679128,1.302068192271618
0,12,0.01376325287093665,1.0196931016060613,0.6214717741935484,0.45926761627197266,8639.842783189397,1.0,1.0,1.0,"[1.0, 1.0, 1.0, 1.0, 1.0, 1.0, 1.0, 1.0]",1.270183154296875,0.5489,0.5489,0.9484202814709751,0.9018928535795296,2.2771235382194557
0,13,0.010408040844041157,0.9747365367028021,0.6413810483870968,0.4659409523010254,8516.100549660287,1.0,1.0,1.0,"[1.0, 1.0, 1.0, 1.0, 1.0, 1.0, 1.0, 1.0]",1.1947968383789063,0.5837,0.5837,0.9581248431494709,0.9181817437694465,1.7569213475801506
0,14,0.007412131279501297,0.9227634822168658,0.6678427419354839,0.4580249786376953,8663.282975967884,1.0,1.0,1.0,"[1.0, 1.0, 1.0, 1.0, 1.0, 1.0, 1.0, 1.0]",1.1782047241210938,0.5864,0.5864,0.9558696308197278,0.9101298849017604,1.266020515384486
0,15,0.00484929341364988,0.8803085434821344,0.6751512096774194,0.4575512409210205,8672.252733951016,1.0,1.0,1.0,"[1.0, 1.0, 1.0, 1.0, 1.0, 1.0, 1.0, 1.0]",1.1494901977539063,0.5952,0.5952,0.9500338092887853,0.9084889526610446,1.4093147288767691
0,16,0.002782632820315362,0.8392782384349454,0.7023689516129032,0.4679567813873291,8479.415531144265,1.0,1.0,1.0,"[1.0, 1.0, 1.0, 1.0, 1.0, 1.0, 1.0, 1.0]",1.149155224609375,0.6014,0.6014,0.954044530265854,0.9185113127514147,1.564532192334069
0,17,0.0012630375421589374,0.8124133944511414,0.7038810483870968,0.45806002616882324,8662.620122493614,1.0,1.0,1.0,"[1.0, 1.0, 1.0, 1.0, 1.0, 1.0, 1.0, 1.0]",1.1249038513183593,0.6071,0.6071,0.951469050565666,0.9116014950650608,1.0257383580853794
0,18,0.0003279250581763982,0.8086957623881679,0.7013608870967742,0.45728611946105957,8677.280658937423,1.0,1.0,1.0,"[1.0, 1.0, 1.0, 1.0, 1.0, 1.0, 1.0, 1.0]",1.125406768798828,0.6103,0.6103,0.953549695340304,0.9142040276240014,1.1263423664163474
0,19,3.2094118379288887e-07,0.778783505962741,0.7182459677419355,0.4577960968017578,8667.614310652996,1.0,1.0,1.0,"[1.0, 1.0, 1.0, 1.0, 1.0, 1.0, 1.0, 1.0]",1.1254506103515625,0.6102,0.6102,0.9532525649329048,0.9124730494213784,1.1425059953221193
