method,seed,policy,evaluation_set,n_images,amplitude,n_directions,S,centre_ce,centre_acc
plain,0,saved,train_large,10000,0.1,20,0.6827884761047363,0.22793353652954101,0.9336
plain,0,saved,train_large,10000,0.25,20,5.255398459320069,0.22793353652954101,0.9336
plain,0,saved,test_full,10000,0.1,20,0.5817055474090576,0.7731327758789063,0.7453
plain,0,saved,test_full,10000,0.25,20,4.869714967651368,0.7731327758789063,0.7453
plain,0,recalibrated,train_large,10000,0.1,20,0.17475809803009035,0.22584878845214842,0.9347
plain,0,recalibrated,train_large,10000,0.25,20,0.9333790061187746,0.22584878845214842,0.9347
plain,0,recalibrated,test_full,10000,0.1,20,0.088976706161499,0.7732207214355469,0.7439
plain,0,recalibrated,test_full,10000,0.25,20,0.6241888696289062,0.7732207214355469,0.7439
plain,1,saved,train_large,10000,0.1,20,0.8190186040496826,0.20496909637451172,0.9429
plain,1,saved,train_large,10000,0.25,20,5.814517506713867,0.20496909637451172,0.9429
plain,1,saved,test_full,10000,0.1,20,0.7022832064819335,0.7512493560791016,0.7565
plain,1,saved,test_full,10000,0.25,20,5.410564710693359,0.7512493560791016,0.7565
plain,1,recalibrated,train_large,10000,0.1,20,0.20998347675323487,0.2060380271911621,0.9449
plain,1,recalibrated,train_large,10000,0.25,20,1.1015253743743896,0.2060380271911621,0.9449
plain,1,recalibrated,test_full,10000,0.1,20,0.11006583900451657,0.7475237548828125,0.7569
plain,1,recalibrated,test_full,10000,0.25,20,0.776061408996582,0.7475237548828125,0.7569
plain,2,saved,train_large,10000,0.1,20,0.7546572930908204,0.18270442199707032,0.9502
plain,2,saved,train_large,10000,0.25,20,5.324197725524902,0.18270442199707032,0.9502
plain,2,saved,test_full,10000,0.1,20,0.6501574485015867,0.751594076538086,0.7624
plain,2,saved,test_full,10000,0.25,20,4.92025626586914,0.751594076538086,0.7624
plain,2,recalibrated,train_large,10000,0.1,20,0.19925229774475098,0.1808285987854004,0.9521
plain,2,recalibrated,train_large,10000,0.25,20,1.0678793998718263,0.1808285987854004,0.9521
plain,2,recalibrated,test_full,10000,0.1,20,0.11082141471862794,0.7472573608398437,0.7625
plain,2,recalibrated,test_full,10000,0.25,20,0.7465291070556641,0.7472573608398437,0.7625
plain,3,saved,train_large,10000,0.1,20,0.734902073173523,0.18941541290283204,0.9489
plain,3,saved,train_large,10000,0.25,20,5.1035727050781245,0.18941541290283204,0.9489
plain,3,saved,test_full,10000,0.1,20,0.6214255585479737,0.7673122619628906,0.7535
plain,3,saved,test_full,10000,0.25,20,4.701734398803711,0.7673122619628906,0.7535
plain,3,recalibrated,train_large,10000,0.1,20,0.19589559535980225,0.18737774505615234,0.9495
plain,3,recalibrated,train_large,10000,0.25,20,1.01568497505188,0.18737774505615234,0.9495
plain,3,recalibrated,test_full,10000,0.1,20,0.10327053497314456,0.7622901733398437,0.7532
plain,3,recalibrated,test_full,10000,0.25,20,0.6881644987487794,0.7622901733398437,0.7532
plain,4,saved,train_large,10000,0.1,20,0.6698702337646485,0.17087768096923828,0.9557
plain,4,saved,train_large,10000,0.25,20,4.846041201477051,0.17087768096923828,0.9557
plain,4,saved,test_full,10000,0.1,20,0.5697618294525145,0.753387744140625,0.765
plain,4,saved,test_full,10000,0.25,20,4.426960958251954,0.753387744140625,0.765
plain,4,recalibrated,train_large,10000,0.1,20,0.17894129602432252,0.16674314193725587,0.9596
plain,4,recalibrated,train_large,10000,0.25,20,0.9796068672943117,0.16674314193725587,0.9596
plain,4,recalibrated,test_full,10000,0.1,20,0.09744688796997061,0.7467377197265626,0.7645
plain,4,recalibrated,test_full,10000,0.25,20,0.6655135464477538,0.7467377197265626,0.7645
resolution_max_b1,0,saved,train_large,10000,0.1,20,0.43077582973480233,0.3111688293457031,0.9
resolution_max_b1,0,saved,train_large,10000,0.25,20,3.4789903454589846,0.3111688293457031,0.9
resolution_max_b1,0,saved,test_full,10000,0.1,20,0.3681374089813233,0.5855790832519531,0.8031
resolution_max_b1,0,saved,test_full,10000,0.25,20,3.2898298039245604,0.5855790832519531,0.8031
resolution_max_b1,0,recalibrated,train_large,10000,0.1,20,0.1300179975891113,0.3079953659057617,0.9005
resolution_max_b1,0,recalibrated,train_large,10000,0.25,20,0.733539548034668,0.3079953659057617,0.9005
resolution_max_b1,0,recalibrated,test_full,10000,0.1,20,0.08414921669006348,0.5844240539550781,0.8036
resolution_max_b1,0,recalibrated,test_full,10000,0.25,20,0.5827105255889893,0.5844240539550781,0.8036
resolution_max_b1,1,saved,train_large,10000,0.1,20,0.5089955548095701,0.2966119125366211,0.9045
resolution_max_b1,1,saved,train_large,10000,0.25,20,4.281366142272949,0.2966119125366211,0.9045
resolution_max_b1,1,saved,test_full,10000,0.1,20,0.4435384634399414,0.5798480804443359,0.8002
resolution_max_b1,1,saved,test_full,10000,0.25,20,4.061984058227539,0.5798480804443359,0.8002
resolution_max_b1,1,recalibrated,train_large,10000,0.1,20,0.1329801076507568,0.29794319152832033,0.9049
resolution_max_b1,1,recalibrated,train_large,10000,0.25,20,0.7726444106292725,0.29794319152832033,0.9049
resolution_max_b1,1,recalibrated,test_full,10000,0.1,20,0.08685501983642574,0.5796609237670899,0.7996
resolution_max_b1,1,recalibrated,test_full,10000,0.25,20,0.6146369493865966,0.5796609237670899,0.7996
resolution_max_b1,2,saved,train_large,10000,0.1,20,0.45737615623474115,0.2902531455993652,0.9085
resolution_max_b1,2,saved,train_large,10000,0.25,20,3.8512394805908214,0.2902531455993652,0.9085
resolution_max_b1,2,saved,test_full,10000,0.1,20,0.39825274734497074,0.5689506484985352,0.8081
resolution_max_b1,2,saved,test_full,10000,0.25,20,3.6548621719360357,0.5689506484985352,0.8081
resolution_max_b1,2,recalibrated,train_large,10000,0.1,20,0.13611478721618653,0.2883103744506836,0.9116
resolution_max_b1,2,recalibrated,train_large,10000,0.25,20,0.7709131970214844,0.2883103744506836,0.9116
resolution_max_b1,2,recalibrated,test_full,10000,0.1,20,0.08927986053466797,0.5657248916625977,0.8098
resolution_max_b1,2,recalibrated,test_full,10000,0.25,20,0.6179565297698975,0.5657248916625977,0.8098
resolution_max_b1,3,saved,train_large,10000,0.1,20,0.46783265830993653,0.3045261459350586,0.9008
resolution_max_b1,3,saved,train_large,10000,0.25,20,3.7496660664367676,0.3045261459350586,0.9008
resolution_max_b1,3,saved,test_full,10000,0.1,20,0.4103665087890625,0.5919819396972656,0.8
resolution_max_b1,3,saved,test_full,10000,0.25,20,3.5617265716552735,0.5919819396972656,0.8
resolution_max_b1,3,recalibrated,train_large,10000,0.1,20,0.1435253212356567,0.30402949676513674,0.9018
resolution_max_b1,3,recalibrated,train_large,10000,0.25,20,0.793896629486084,0.30402949676513674,0.9018
resolution_max_b1,3,recalibrated,test_full,10000,0.1,20,0.0960269457244873,0.5891114990234375,0.7993
resolution_max_b1,3,recalibrated,test_full,10000,0.25,20,0.6427959395599364,0.5891114990234375,0.7993
resolution_max_b1,4,saved,train_large,10000,0.1,20,0.47481362003326416,0.30194659576416016,0.9035
resolution_max_b1,4,saved,train_large,10000,0.25,20,3.713349794921875,0.30194659576416016,0.9035
resolution_max_b1,4,saved,test_full,10000,0.1,20,0.412746135559082,0.5932301376342773,0.7993
resolution_max_b1,4,saved,test_full,10000,0.25,20,3.5091889402770997,0.5932301376342773,0.7993
resolution_max_b1,4,recalibrated,train_large,10000,0.1,20,0.13291439460754398,0.29677796478271484,0.9053
resolution_max_b1,4,recalibrated,train_large,10000,0.25,20,0.7753366359710693,0.29677796478271484,0.9053
resolution_max_b1,4,recalibrated,test_full,10000,0.1,20,0.08782787277221685,0.5901467071533203,0.8023
resolution_max_b1,4,recalibrated,test_full,10000,0.25,20,0.6202202957153321,0.5901467071533203,0.8023
gaussian_postrelu,0,saved,train_large,10000,0.1,20,0.6796469558334352,0.27610514068603514,0.9151
gaussian_postrelu,0,saved,train_large,10000,0.25,20,4.521748625793457,0.27610514068603514,0.9151
gaussian_postrelu,0,saved,test_full,10000,0.1,20,0.5989286227416992,0.5883055130004883,0.7983
gaussian_postrelu,0,saved,test_full,10000,0.25,20,4.294650198364257,0.5883055130004883,0.7983
gaussian_postrelu,0,recalibrated,train_large,10000,0.1,20,0.2326000635528564,0.2740815330505371,0.9177
gaussian_postrelu,0,recalibrated,train_large,10000,0.25,20,1.155580810699463,0.2740815330505371,0.9177
gaussian_postrelu,0,recalibrated,test_full,10000,0.1,20,0.1713201879882813,0.5889578536987304,0.7981
gaussian_postrelu,0,recalibrated,test_full,10000,0.25,20,0.9679444308471681,0.5889578536987304,0.7981
gaussian_postrelu,1,saved,train_large,10000,0.1,20,0.7002464923858642,0.2707480529785156,0.9148
gaussian_postrelu,1,saved,train_large,10000,0.25,20,4.398008700256349,0.2707480529785156,0.9148
gaussian_postrelu,1,saved,test_full,10000,0.1,20,0.6070746690368651,0.5938298919677735,0.8008
gaussian_postrelu,1,saved,test_full,10000,0.25,20,4.139764033203124,0.5938298919677735,0.8008
gaussian_postrelu,1,recalibrated,train_large,10000,0.1,20,0.27489054550170905,0.27234716339111326,0.9168
gaussian_postrelu,1,recalibrated,train_large,10000,0.25,20,1.2552525918579103,0.27234716339111326,0.9168
gaussian_postrelu,1,recalibrated,test_full,10000,0.1,20,0.20566274032592777,0.5900511291503906,0.7996
gaussian_postrelu,1,recalibrated,test_full,10000,0.25,20,1.0514553382873535,0.5900511291503906,0.7996
gaussian_postrelu,2,saved,train_large,10000,0.1,20,0.639085320777893,0.2630251655578613,0.9199
gaussian_postrelu,2,saved,train_large,10000,0.25,20,4.237390951690673,0.2630251655578613,0.9199
gaussian_postrelu,2,saved,test_full,10000,0.1,20,0.5462468515014649,0.5934026245117188,0.7987
gaussian_postrelu,2,saved,test_full,10000,0.25,20,3.965369573669433,0.5934026245117188,0.7987
gaussian_postrelu,2,recalibrated,train_large,10000,0.1,20,0.2518320803833008,0.2625134010314941,0.9197
gaussian_postrelu,2,recalibrated,train_large,10000,0.25,20,1.240853679275513,0.2625134010314941,0.9197
gaussian_postrelu,2,recalibrated,test_full,10000,0.1,20,0.18175448936462404,0.5901561996459961,0.7998
gaussian_postrelu,2,recalibrated,test_full,10000,0.25,20,1.0284542555236817,0.5901561996459961,0.7998
gaussian_postrelu,3,saved,train_large,10000,0.1,20,0.8620947869873048,0.25766022872924804,0.9185
gaussian_postrelu,3,saved,train_large,10000,0.25,20,4.683888872528074,0.25766022872924804,0.9185
gaussian_postrelu,3,saved,test_full,10000,0.1,20,0.7654329059600831,0.5513179992675781,0.8098
gaussian_postrelu,3,saved,test_full,10000,0.25,20,4.442448341064454,0.5513179992675781,0.8098
gaussian_postrelu,3,recalibrated,train_large,10000,0.1,20,0.3558067882919312,0.2574573196411133,0.9204
gaussian_postrelu,3,recalibrated,train_large,10000,0.25,20,1.4791416318511963,0.2574573196411133,0.9204
gaussian_postrelu,3,recalibrated,test_full,10000,0.1,20,0.2810451987457275,0.5476052368164063,0.8099
gaussian_postrelu,3,recalibrated,test_full,10000,0.25,20,1.281050977935791,0.5476052368164063,0.8099
gaussian_postrelu,4,saved,train_large,10000,0.1,20,0.7478604554748535,0.26793368453979494,0.9198
gaussian_postrelu,4,saved,train_large,10000,0.25,20,4.271884711456298,0.26793368453979494,0.9198
gaussian_postrelu,4,saved,test_full,10000,0.1,20,0.6479386598968506,0.6086985260009765,0.7984
gaussian_postrelu,4,saved,test_full,10000,0.25,20,4.007143418579102,0.6086985260009765,0.7984
gaussian_postrelu,4,recalibrated,train_large,10000,0.1,20,0.29932046989440914,0.2630943634033203,0.9218
gaussian_postrelu,4,recalibrated,train_large,10000,0.25,20,1.2853766626739502,0.2630943634033203,0.9218
gaussian_postrelu,4,recalibrated,test_full,10000,0.1,20,0.22316474739074713,0.6054874328613281,0.7998
gaussian_postrelu,4,recalibrated,test_full,10000,0.25,20,1.068460633468628,0.6054874328613281,0.7998
resolution_max_b1_gaussian_conv,0,saved,train_large,10000,0.1,20,0.3613812622070312,0.31621811828613283,0.8985
resolution_max_b1_gaussian_conv,0,saved,train_large,10000,0.25,20,3.037318380889892,0.31621811828613283,0.8985
resolution_max_b1_gaussian_conv,0,saved,test_full,10000,0.1,20,0.3234530645751953,0.5434872039794922,0.8134
resolution_max_b1_gaussian_conv,0,saved,test_full,10000,0.25,20,2.8964252348327633,0.5434872039794922,0.8134
resolution_max_b1_gaussian_conv,0,recalibrated,train_large,10000,0.1,20,0.10015125675201415,0.3142744354248047,0.8996
resolution_max_b1_gaussian_conv,0,recalibrated,train_large,10000,0.25,20,0.6195126664733885,0.3142744354248047,0.8996
resolution_max_b1_gaussian_conv,0,recalibrated,test_full,10000,0.1,20,0.06813384086608891,0.5419873764038086,0.8148
resolution_max_b1_gaussian_conv,0,recalibrated,test_full,10000,0.25,20,0.5061847724914551,0.5419873764038086,0.8148
resolution_max_b1_gaussian_conv,1,saved,train_large,10000,0.1,20,0.4650201277160644,0.310563737487793,0.898
resolution_max_b1_gaussian_conv,1,saved,train_large,10000,0.25,20,3.7928412252807617,0.310563737487793,0.898
resolution_max_b1_gaussian_conv,1,saved,test_full,10000,0.1,20,0.4151081990814209,0.5493452041625977,0.8124
resolution_max_b1_gaussian_conv,1,saved,test_full,10000,0.25,20,3.635096649932861,0.5493452041625977,0.8124
resolution_max_b1_gaussian_conv,1,recalibrated,train_large,10000,0.1,20,0.11922412452697755,0.31260357513427733,0.8962
resolution_max_b1_gaussian_conv,1,recalibrated,train_large,10000,0.25,20,0.7071681517791748,0.31260357513427733,0.8962
resolution_max_b1_gaussian_conv,1,recalibrated,test_full,10000,0.1,20,0.08276124553680415,0.547307992553711,0.8134
resolution_max_b1_gaussian_conv,1,recalibrated,test_full,10000,0.25,20,0.5839780635070799,0.547307992553711,0.8134
resolution_max_b1_gaussian_conv,2,saved,train_large,10000,0.1,20,0.43469830219268807,0.3074907760620117,0.898
resolution_max_b1_gaussian_conv,2,saved,train_large,10000,0.25,20,3.8110256260681155,0.3074907760620117,0.898
resolution_max_b1_gaussian_conv,2,saved,test_full,10000,0.1,20,0.38733863243103034,0.5403551956176758,0.8187
resolution_max_b1_gaussian_conv,2,saved,test_full,10000,0.25,20,3.649192700195312,0.5403551956176758,0.8187
resolution_max_b1_gaussian_conv,2,recalibrated,train_large,10000,0.1,20,0.12784364326477052,0.30550594787597657,0.9012
resolution_max_b1_gaussian_conv,2,recalibrated,train_large,10000,0.25,20,0.7342159330749513,0.30550594787597657,0.9012
resolution_max_b1_gaussian_conv,2,recalibrated,test_full,10000,0.1,20,0.09042738624572762,0.5383833541870117,0.8184
resolution_max_b1_gaussian_conv,2,recalibrated,test_full,10000,0.25,20,0.6068058480834961,0.5383833541870117,0.8184
resolution_max_b1_gaussian_conv,3,saved,train_large,10000,0.1,20,0.47313825698852535,0.3016176971435547,0.9044
resolution_max_b1_gaussian_conv,3,saved,train_large,10000,0.25,20,3.5826850910949704,0.3016176971435547,0.9044
resolution_max_b1_gaussian_conv,3,saved,test_full,10000,0.1,20,0.4228470559692384,0.5436371322631836,0.8153
resolution_max_b1_gaussian_conv,3,saved,test_full,10000,0.25,20,3.417040050201416,0.5436371322631836,0.8153
resolution_max_b1_gaussian_conv,3,recalibrated,train_large,10000,0.1,20,0.1682767008972168,0.30209641036987306,0.9038
resolution_max_b1_gaussian_conv,3,recalibrated,train_large,10000,0.25,20,0.886258851699829,0.30209641036987306,0.9038
resolution_max_b1_gaussian_conv,3,recalibrated,test_full,10000,0.1,20,0.12922921028137208,0.5399569366455078,0.8158
resolution_max_b1_gaussian_conv,3,recalibrated,test_full,10000,0.25,20,0.7650950728607178,0.5399569366455078,0.8158
resolution_max_b1_gaussian_conv,4,saved,train_large,10000,0.1,20,0.4224561874008179,0.3039470413208008,0.8994
resolution_max_b1_gaussian_conv,4,saved,train_large,10000,0.25,20,3.4150918142700197,0.3039470413208008,0.8994
resolution_max_b1_gaussian_conv,4,saved,test_full,10000,0.1,20,0.37986191619873044,0.5350250259399414,0.819
resolution_max_b1_gaussian_conv,4,saved,test_full,10000,0.25,20,3.253368228759766,0.5350250259399414,0.819
resolution_max_b1_gaussian_conv,4,recalibrated,train_large,10000,0.1,20,0.12322051136016846,0.29898064498901367,0.9022
resolution_max_b1_gaussian_conv,4,recalibrated,train_large,10000,0.25,20,0.6961343759155272,0.29898064498901367,0.9022
resolution_max_b1_gaussian_conv,4,recalibrated,test_full,10000,0.1,20,0.08751236328124995,0.5326575775146485,0.8193
resolution_max_b1_gaussian_conv,4,recalibrated,test_full,10000,0.25,20,0.5728516455841064,0.5326575775146485,0.8193
