campaign,campaign_label,policy,split,arm,arm_short,n_seeds,acc_mean_pct,acc_sd_pct,ce_mean,ce_sd,acc_seed0_pct,ce_seed0,acc_seed1_pct,ce_seed1,acc_seed2_pct,ce_seed2
adamw_long_aug_160,"AdamW lr 0.02, cosine, crop+flip, 160 ep",P0,test,cbs_budget_matched,CBS-bm,1,89.14999999999999,,0.5698677947998047,,,,,,89.14999999999999,0.5698677947998047
adamw_long_aug_160,"AdamW lr 0.02, cosine, crop+flip, 160 ep",P0,test,resolution_max_b1,R,1,90.46,,0.5095092758178711,,,,90.46,0.5095092758178711,,
adamw_long_aug_160,"AdamW lr 0.02, cosine, crop+flip, 160 ep",P0,test,resolution_max_b1_gaussian_conv,RG,1,89.48,,0.5013689849853515,,,,89.48,0.5013689849853515,,
adamw_long_aug_160,"AdamW lr 0.02, cosine, crop+flip, 160 ep",P0,train,cbs_budget_matched,CBS-bm,1,99.41,,0.018020783801078796,,,,,,99.41,0.018020783801078796
adamw_long_aug_160,"AdamW lr 0.02, cosine, crop+flip, 160 ep",P0,train,resolution_max_b1,R,1,99.67200000000001,,0.010315364706516266,,,,99.67200000000001,0.010315364706516266,,
adamw_long_aug_160,"AdamW lr 0.02, cosine, crop+flip, 160 ep",P0,train,resolution_max_b1_gaussian_conv,RG,1,99.132,,0.025929753217697145,,,,99.132,0.025929753217697145,,
adamw_long_aug_160,"AdamW lr 0.02, cosine, crop+flip, 160 ep",P1,test,cbs_budget_matched,CBS-bm,1,86.81,,0.6172512222290039,,,,,,86.81,0.6172512222290039
adamw_long_aug_160,"AdamW lr 0.02, cosine, crop+flip, 160 ep",P1,test,resolution_max_b1,R,1,87.96000000000001,,0.5743165771484375,,,,87.96000000000001,0.5743165771484375,,
adamw_long_aug_160,"AdamW lr 0.02, cosine, crop+flip, 160 ep",P1,test,resolution_max_b1_gaussian_conv,RG,1,85.26,,0.6446465393066406,,,,85.26,0.6446465393066406,,
adamw_long_aug_160,"AdamW lr 0.02, cosine, crop+flip, 160 ep",P1,train,cbs_budget_matched,CBS-bm,1,96.086,,0.1150241459274292,,,,,,96.086,0.1150241459274292
adamw_long_aug_160,"AdamW lr 0.02, cosine, crop+flip, 160 ep",P1,train,resolution_max_b1,R,1,96.256,,0.11067355503082275,,,,96.256,0.11067355503082275,,
adamw_long_aug_160,"AdamW lr 0.02, cosine, crop+flip, 160 ep",P1,train,resolution_max_b1_gaussian_conv,RG,1,92.30199999999999,,0.24913114517211915,,,,92.30199999999999,0.24913114517211915,,
adamw_long_aug_160,"AdamW lr 0.02, cosine, crop+flip, 160 ep",P2,test,cbs_budget_matched,CBS-bm,1,86.72,,0.6219468688964844,,,,,,86.72,0.6219468688964844
adamw_long_aug_160,"AdamW lr 0.02, cosine, crop+flip, 160 ep",P2,test,resolution_max_b1,R,1,87.9,,0.5793390655517578,,,,87.9,0.5793390655517578,,
adamw_long_aug_160,"AdamW lr 0.02, cosine, crop+flip, 160 ep",P2,test,resolution_max_b1_gaussian_conv,RG,1,85.18,,0.6521067443847657,,,,85.18,0.6521067443847657,,
adamw_long_aug_160,"AdamW lr 0.02, cosine, crop+flip, 160 ep",P2,train,cbs_budget_matched,CBS-bm,1,96.044,,0.11654322341918945,,,,,,96.044,0.11654322341918945
adamw_long_aug_160,"AdamW lr 0.02, cosine, crop+flip, 160 ep",P2,train,resolution_max_b1,R,1,96.17999999999999,,0.11287661609649659,,,,96.17999999999999,0.11287661609649659,,
adamw_long_aug_160,"AdamW lr 0.02, cosine, crop+flip, 160 ep",P2,train,resolution_max_b1_gaussian_conv,RG,1,92.24,,0.2523832908630371,,,,92.24,0.2523832908630371,,
adamw_long_aug_160,"AdamW lr 0.02, cosine, crop+flip, 160 ep",P3,test,cbs_budget_matched,CBS-bm,1,89.33,,0.5670292190551758,,,,,,89.33,0.5670292190551758
adamw_long_aug_160,"AdamW lr 0.02, cosine, crop+flip, 160 ep",P3,test,resolution_max_b1,R,1,90.5,,0.5068613693237305,,,,90.5,0.5068613693237305,,
adamw_long_aug_160,"AdamW lr 0.02, cosine, crop+flip, 160 ep",P3,test,resolution_max_b1_gaussian_conv,RG,1,89.57000000000001,,0.5037750305175781,,,,89.57000000000001,0.5037750305175781,,
adamw_long_aug_160,"AdamW lr 0.02, cosine, crop+flip, 160 ep",P3,train,cbs_budget_matched,CBS-bm,1,99.406,,0.01829848042011261,,,,,,99.406,0.01829848042011261
adamw_long_aug_160,"AdamW lr 0.02, cosine, crop+flip, 160 ep",P3,train,resolution_max_b1,R,1,99.69200000000001,,0.009942856471538544,,,,99.69200000000001,0.009942856471538544,,
adamw_long_aug_160,"AdamW lr 0.02, cosine, crop+flip, 160 ep",P3,train,resolution_max_b1_gaussian_conv,RG,1,99.14,,0.024674921054840086,,,,99.14,0.024674921054840086,,
adamw_long_noaug_160,"AdamW lr 0.02, cosine, no aug, 160 ep",P0,test,gaussian_postrelu,G,2,84.745,1.2091525958289966,1.1906572372436524,0.0740216698001114,,,83.89,1.2429984619140626,85.6,1.138316012573242
adamw_long_noaug_160,"AdamW lr 0.02, cosine, no aug, 160 ep",P0,test,sdpoint,SDPoint,2,86.3,0.45254833995938765,0.8729274169921875,0.07486643236950179,85.98,0.9258659790039062,,,86.61999999999999,0.8199888549804687
adamw_long_noaug_160,"AdamW lr 0.02, cosine, no aug, 160 ep",P0,train,gaussian_postrelu,G,2,100.0,0.0,1.6106315073557198e-05,6.83062087087691e-07,,,100.0,1.658931290730834e-05,100.0,1.5623317239806056e-05
adamw_long_noaug_160,"AdamW lr 0.02, cosine, no aug, 160 ep",P0,train,sdpoint,SDPoint,2,98.316,0.6505382386916227,0.0486812377357483,0.021163310198634103,97.856,0.06364595788955689,,,98.776,0.0337165175819397
adamw_long_noaug_160,"AdamW lr 0.02, cosine, no aug, 160 ep",P1,test,gaussian_postrelu,G,2,84.7,1.173797256769665,1.177781576538086,0.08323696426193986,,,83.87,1.2366389984130859,85.53,1.118924154663086
adamw_long_noaug_160,"AdamW lr 0.02, cosine, no aug, 160 ep",P1,test,sdpoint,SDPoint,2,88.995,0.10606601717798615,0.6223016563415528,0.01812621557791449,88.92,0.6351188262939453,,,89.07000000000001,0.6094844863891602
adamw_long_noaug_160,"AdamW lr 0.02, cosine, no aug, 160 ep",P1,train,gaussian_postrelu,G,2,100.0,0.0,1.4281719566788523e-05,6.623612837784731e-07,,,100.0,1.3813359411433339e-05,100.0,1.475007972214371e-05
adamw_long_noaug_160,"AdamW lr 0.02, cosine, no aug, 160 ep",P1,train,sdpoint,SDPoint,2,99.992,0.0028284271247490185,0.001186446492522955,1.6596750590063297e-05,99.99,0.0011981821674108505,,,99.994,0.0011747108176350593
adamw_long_noaug_160,"AdamW lr 0.02, cosine, no aug, 160 ep",P2,test,gaussian_postrelu,G,2,84.72500000000001,1.2515790027001845,1.1863504516601562,0.08404611901578977,,,83.84,1.2457800323486328,85.61,1.1269208709716796
adamw_long_noaug_160,"AdamW lr 0.02, cosine, no aug, 160 ep",P2,test,sdpoint,SDPoint,2,88.97,0.15556349186104687,0.6248260902404785,0.018667110833484275,88.86,0.6380257308959961,,,89.08,0.6116264495849609
adamw_long_noaug_160,"AdamW lr 0.02, cosine, no aug, 160 ep",P2,train,gaussian_postrelu,G,2,100.0,0.0,1.3604620851110667e-05,5.640077734638197e-07,,,100.0,1.3205807129852474e-05,100.0,1.400343457236886e-05
adamw_long_noaug_160,"AdamW lr 0.02, cosine, no aug, 160 ep",P2,train,sdpoint,SDPoint,2,99.992,0.0028284271247490185,0.0011616757586598396,5.502362953226918e-06,99.99,0.001165566516816616,,,99.994,0.0011577850005030632
adamw_long_noaug_160,"AdamW lr 0.02, cosine, no aug, 160 ep",P3,test,gaussian_postrelu,G,2,84.63499999999999,1.1808683245815377,1.199452894592285,0.08586799146291099,,,83.8,1.260170733642578,85.47,1.1387350555419922
adamw_long_noaug_160,"AdamW lr 0.02, cosine, no aug, 160 ep",P3,test,sdpoint,SDPoint,2,88.91,0.05656854249491757,0.6283245452880859,0.01783646644682051,88.87,0.640936831665039,,,88.94999999999999,0.6157122589111328
adamw_long_noaug_160,"AdamW lr 0.02, cosine, no aug, 160 ep",P3,train,gaussian_postrelu,G,2,100.0,0.0,1.556174787459895e-05,3.6112087238992805e-07,,,100.0,1.530639685690403e-05,100.0,1.581709889229387e-05
adamw_long_noaug_160,"AdamW lr 0.02, cosine, no aug, 160 ep",P3,train,sdpoint,SDPoint,2,99.992,0.0028284271247490185,0.0012069946347177027,3.436834521457055e-05,99.99,0.001231296724677086,,,99.994,0.0011826925447583198
historical_adamw_30,"AdamW lr 0.02, cosine, no aug, 30 ep (historical)",P0,test,cbs_budget_matched,CBS-bm,3,83.19666666666667,0.16921386861996518,0.8935916086832684,0.003471473808241859,83.00999999999999,0.897450375366211,83.24000000000001,0.8926022094726562,83.34,0.8907222412109375
historical_adamw_30,"AdamW lr 0.02, cosine, no aug, 30 ep (historical)",P0,test,cbs_published_schedule,CBS-pub,3,80.39,0.3605551275463931,0.6965389892578124,0.014997856401326413,80.69,0.7004058349609374,79.99000000000001,0.7092247772216796,80.49,0.6799863555908203
historical_adamw_30,"AdamW lr 0.02, cosine, no aug, 30 ep (historical)",P0,test,gaussian_postrelu,G,3,83.60666666666667,0.3200520790954742,0.6932815205891928,0.01657168597702468,83.6,0.6768333343505859,83.28999999999999,0.7099740051269531,83.93,0.6930372222900391
historical_adamw_30,"AdamW lr 0.02, cosine, no aug, 30 ep (historical)",P0,test,plain,Plain,3,84.24666666666667,0.1767295485574872,0.9703555735270183,0.01834125263278297,84.45,0.9518047180175782,84.16,0.9707822235107422,84.13000000000001,0.9884797790527344
historical_adamw_30,"AdamW lr 0.02, cosine, no aug, 30 ep (historical)",P0,test,resolution_max_b1,R,3,86.60666666666667,0.19655363983740484,0.7115159596761068,0.017160996093272728,86.53,0.7082962829589844,86.46000000000001,0.730058755493164,86.83,0.6961928405761719
historical_adamw_30,"AdamW lr 0.02, cosine, no aug, 30 ep (historical)",P0,test,resolution_max_b1_gaussian_conv,RG,3,86.14666666666668,0.2764657905299208,0.6507560409545898,0.003029395434784452,86.33999999999999,0.6497211730957031,86.27,0.6541672653198242,85.83,0.6483796844482422
historical_adamw_30,"AdamW lr 0.02, cosine, no aug, 30 ep (historical)",P0,test,sdpoint,SDPoint,3,85.95333333333333,0.6897342483401345,0.4573328191121419,0.03915755431591891,86.7,0.4227607025146484,85.82,0.4493821853637695,85.34,0.4998555694580078
historical_adamw_30,"AdamW lr 0.02, cosine, no aug, 30 ep (historical)",P0,train,cbs_budget_matched,CBS-bm,3,99.99666666666668,0.0011547005383804065,0.0025422928456464663,0.0004897815826088816,99.996,0.0031035349428653,99.998,0.0022013271212577,99.996,0.0023220164728164
historical_adamw_30,"AdamW lr 0.02, cosine, no aug, 30 ep (historical)",P0,train,cbs_published_schedule,CBS-pub,3,96.11800000000001,0.41084790373081237,0.12859398844401038,0.011021959097478362,96.372,0.1216415083312988,96.33800000000001,0.1228381730651855,95.64399999999999,0.1413022839355468
historical_adamw_30,"AdamW lr 0.02, cosine, no aug, 30 ep (historical)",P0,train,gaussian_postrelu,G,3,99.57466666666667,0.12329368732151079,0.02518771339416497,0.004222124135908204,99.682,0.0217490077018737,99.44,0.0299000262451171,99.602,0.0239141062355041
historical_adamw_30,"AdamW lr 0.02, cosine, no aug, 30 ep (historical)",P0,train,plain,Plain,3,99.99866666666665,0.002309401076760813,0.000341566564391,0.0001009474105131347,100.0,0.0003555729788541,99.996,0.0004347793486714,100.0,0.0002343473656475
historical_adamw_30,"AdamW lr 0.02, cosine, no aug, 30 ep (historical)",P0,train,resolution_max_b1,R,3,99.99866666666665,0.002309401076760813,0.0011912559453646002,4.778317934574906e-05,100.0,0.0012378626090288,99.996,0.0011935279220342,100.0,0.0011423773050308
historical_adamw_30,"AdamW lr 0.02, cosine, no aug, 30 ep (historical)",P0,train,resolution_max_b1_gaussian_conv,RG,3,99.97866666666667,0.007571877794397673,0.006156635894775366,0.0012737891901243195,99.97,0.0076115018415451,99.984,0.0056164533114433,99.982,0.0052419525313377
historical_adamw_30,"AdamW lr 0.02, cosine, no aug, 30 ep (historical)",P0,train,sdpoint,SDPoint,3,94.83133333333335,0.7797546622709822,0.14764808550516764,0.019043144064998303,95.54,0.1305387070465088,94.958,0.1442406172180176,93.996,0.1681649322509765
historical_adamw_30,"AdamW lr 0.02, cosine, no aug, 30 ep (historical)",P1,test,cbs_budget_matched,CBS-bm,3,83.22666666666666,0.38004385711826866,0.8799405649820963,0.013623398811872574,82.85,0.8954274963378906,83.22,0.8745873321533203,83.61,0.8698068664550781
historical_adamw_30,"AdamW lr 0.02, cosine, no aug, 30 ep (historical)",P1,test,cbs_published_schedule,CBS-pub,3,80.55666666666667,0.23629078131263376,0.6847900797526041,0.018438922714837647,80.64,0.6963872680664063,80.28999999999999,0.6944550811767578,80.74,0.6635278900146484
historical_adamw_30,"AdamW lr 0.02, cosine, no aug, 30 ep (historical)",P1,test,gaussian_postrelu,G,3,83.75333333333333,0.23180451534284677,0.6832022064208984,0.011939408026941897,83.64,0.6749316802978516,83.6,0.6968898651123047,84.02,0.677785073852539
historical_adamw_30,"AdamW lr 0.02, cosine, no aug, 30 ep (historical)",P1,test,plain,Plain,3,84.28,0.20074859899884734,0.9532434214274087,0.006966800074389616,84.49,0.9490204681396484,84.09,0.9494252014160156,84.26,0.9612845947265624
historical_adamw_30,"AdamW lr 0.02, cosine, no aug, 30 ep (historical)",P1,test,resolution_max_b1,R,3,86.64999999999999,0.137477270848677,0.6959201293945312,0.01188305272070964,86.53,0.6979648132324219,86.61999999999999,0.7066481658935547,86.8,0.6831474090576172
historical_adamw_30,"AdamW lr 0.02, cosine, no aug, 30 ep (historical)",P1,test,resolution_max_b1_gaussian_conv,RG,3,86.24,0.3567912554982282,0.6401095870971679,0.005410830973259391,86.41,0.6447268173217774,86.48,0.6341557037353516,85.83,0.641446240234375
historical_adamw_30,"AdamW lr 0.02, cosine, no aug, 30 ep (historical)",P1,test,sdpoint,SDPoint,3,87.57000000000001,0.5901694671871828,0.3862384368896485,0.007242900213516184,87.66000000000001,0.3796983901977539,86.94,0.3940229309082031,88.11,0.3849939895629883
historical_adamw_30,"AdamW lr 0.02, cosine, no aug, 30 ep (historical)",P1,train,cbs_budget_matched,CBS-bm,3,99.99733333333333,0.0011547005383804065,0.0023754036982853665,0.0003529153838436117,99.996,0.0027585373115539,99.998,0.0020636048495769,99.998,0.0023040689337253
historical_adamw_30,"AdamW lr 0.02, cosine, no aug, 30 ep (historical)",P1,train,cbs_published_schedule,CBS-pub,3,96.25066666666666,0.37648018982854126,0.1273212502288818,0.01070080174640241,96.474,0.1200813145446777,96.462,0.1222697328186035,95.816,0.1396127033233642
historical_adamw_30,"AdamW lr 0.02, cosine, no aug, 30 ep (historical)",P1,train,gaussian_postrelu,G,3,99.61933333333334,0.09575663597544098,0.02441550427436823,0.004247778562681509,99.696,0.0208920721054077,99.512,0.0291323332214355,99.65,0.0232221074962615
historical_adamw_30,"AdamW lr 0.02, cosine, no aug, 30 ep (historical)",P1,train,plain,Plain,3,99.998,0.002000000000002,0.0003409269669651333,0.0001165329682682415,99.998,0.0003208165396749,99.996,0.000466206356585,100.0,0.0002357580046355
historical_adamw_30,"AdamW lr 0.02, cosine, no aug, 30 ep (historical)",P1,train,resolution_max_b1,R,3,99.99866666666665,0.002309401076760813,0.0011639559378226333,6.628427925310071e-05,100.0,0.0011944174349308,99.996,0.0012095337295532,100.0,0.0010879166489839
historical_adamw_30,"AdamW lr 0.02, cosine, no aug, 30 ep (historical)",P1,train,resolution_max_b1_gaussian_conv,RG,3,99.97933333333333,0.011015141094572134,0.005892171625296201,0.0011425269484414355,99.968,0.0071988267040252,99.99,0.0053965057706832,99.98,0.0050811824011802
historical_adamw_30,"AdamW lr 0.02, cosine, no aug, 30 ep (historical)",P1,train,sdpoint,SDPoint,3,96.452,0.21999090890307474,0.11144599380493159,0.007795245736299964,96.576,0.1095106439208984,96.198,0.1200265966796875,96.58200000000001,0.1048007408142089
historical_adamw_30,"AdamW lr 0.02, cosine, no aug, 30 ep (historical)",P2,test,cbs_budget_matched,CBS-bm,3,83.21666666666667,0.3300505011863109,0.8865232655843099,0.012975777216030434,82.89,0.901261605834961,83.21,0.881490072631836,83.55,0.8768181182861328
historical_adamw_30,"AdamW lr 0.02, cosine, no aug, 30 ep (historical)",P2,test,cbs_published_schedule,CBS-pub,3,80.57,0.2722131517763278,0.6903504425048829,0.019400976391838187,80.61,0.7026214416503906,80.28,0.7004465423583984,80.82000000000001,0.6679833435058594
historical_adamw_30,"AdamW lr 0.02, cosine, no aug, 30 ep (historical)",P2,test,gaussian_postrelu,G,3,83.69666666666666,0.24419937209856551,0.6888974436442057,0.012059605898745647,83.62,0.6802882080078125,83.5,0.7026807159423828,83.97,0.6837234069824218
historical_adamw_30,"AdamW lr 0.02, cosine, no aug, 30 ep (historical)",P2,test,plain,Plain,3,84.28,0.18681541692269546,0.9604135487874349,0.007463072977432201,84.48,0.9561553009033203,84.11,0.956054379272461,84.25,0.9690309661865234
historical_adamw_30,"AdamW lr 0.02, cosine, no aug, 30 ep (historical)",P2,test,resolution_max_b1,R,3,86.64333333333333,0.14047538337137122,0.700508609008789,0.011779940473353673,86.50999999999999,0.7027683197021485,86.63,0.710995004272461,86.79,0.6877625030517578
historical_adamw_30,"AdamW lr 0.02, cosine, no aug, 30 ep (historical)",P2,test,resolution_max_b1_gaussian_conv,RG,3,86.22999999999999,0.38157568056677815,0.6448530568440755,0.005355865100132301,86.42999999999999,0.649379135131836,86.47,0.6389401885986328,85.79,0.6462398468017578
historical_adamw_30,"AdamW lr 0.02, cosine, no aug, 30 ep (historical)",P2,test,sdpoint,SDPoint,3,87.59,0.5892367945062464,0.3873877858479818,0.007151928529670315,87.71,0.38084915618896487,86.95,0.39502571868896486,88.11,0.3862884826660156
historical_adamw_30,"AdamW lr 0.02, cosine, no aug, 30 ep (historical)",P2,train,cbs_budget_matched,CBS-bm,3,99.99733333333333,0.0011547005383804065,0.002304389982620875,0.00034927954270819596,99.996,0.0026817444157600403,99.998,0.0019924288547039032,99.998,0.0022389966773986815
historical_adamw_30,"AdamW lr 0.02, cosine, no aug, 30 ep (historical)",P2,train,cbs_published_schedule,CBS-pub,3,96.25266666666667,0.3803226700228797,0.12637324447631837,0.010740991087286563,96.49,0.11911451309204102,96.454,0.12129330459594727,95.814,0.1387119157409668
historical_adamw_30,"AdamW lr 0.02, cosine, no aug, 30 ep (historical)",P2,train,gaussian_postrelu,G,3,99.62533333333333,0.09575663597544543,0.023979356797536214,0.004205723234951494,99.702,0.020473121490478516,99.518,0.028642430362701417,99.656,0.02282251853942871
historical_adamw_30,"AdamW lr 0.02, cosine, no aug, 30 ep (historical)",P2,train,plain,Plain,3,99.998,0.002000000000002,0.000337579572002093,0.00012507476421382937,99.998,0.00030907122313976286,99.996,0.00047444757997989654,100.0,0.00022921991288661956
historical_adamw_30,"AdamW lr 0.02, cosine, no aug, 30 ep (historical)",P2,train,resolution_max_b1,R,3,99.99866666666665,0.002309401076760813,0.0011295707146326702,6.949077317580315e-05,100.0,0.0011542839688062669,99.996,0.0011833269369602203,100.0,0.0010511012381315232
historical_adamw_30,"AdamW lr 0.02, cosine, no aug, 30 ep (historical)",P2,train,resolution_max_b1_gaussian_conv,RG,3,99.98,0.011135528725660215,0.005740162353515624,0.0011311994067257879,99.968,0.007035542497634888,99.99,0.005237747225761414,99.982,0.0049471973371505735
historical_adamw_30,"AdamW lr 0.02, cosine, no aug, 30 ep (historical)",P2,train,sdpoint,SDPoint,3,96.45666666666666,0.22228210304326185,0.11093479723612469,0.007824482310222657,96.584,0.10899711708068847,96.2,0.11954605644226074,96.586,0.1042612181854248
historical_adamw_30,"AdamW lr 0.02, cosine, no aug, 30 ep (historical)",P3,test,cbs_budget_matched,CBS-bm,3,83.20333333333333,0.3655589327773735,0.8934921407063802,0.012616859195040136,82.88,0.9068129730224609,83.13000000000001,0.8919407073974609,83.6,0.8817227416992187
historical_adamw_30,"AdamW lr 0.02, cosine, no aug, 30 ep (historical)",P3,test,cbs_published_schedule,CBS-pub,3,80.42000000000002,0.11999999999999789,0.6944708099365234,0.019595924262599384,80.42,0.7094232330322265,80.30000000000001,0.7017023864746094,80.54,0.6722868103027344
historical_adamw_30,"AdamW lr 0.02, cosine, no aug, 30 ep (historical)",P3,test,gaussian_postrelu,G,3,83.63666666666667,0.2000833159794524,0.6908122385660808,0.011808404624657595,83.63000000000001,0.6828621215820313,83.44,0.7043807922363281,83.84,0.6851938018798828
historical_adamw_30,"AdamW lr 0.02, cosine, no aug, 30 ep (historical)",P3,test,plain,Plain,3,84.34,0.19519221295943204,0.9669535878499348,0.010636784196539356,84.53,0.9602417053222656,84.14,0.9614014343261719,84.35000000000001,0.9792176239013672
historical_adamw_30,"AdamW lr 0.02, cosine, no aug, 30 ep (historical)",P3,test,resolution_max_b1,R,3,86.58,0.16093476939431517,0.7066186075846353,0.005644955423450172,86.42999999999999,0.7098496826171875,86.56,0.7099056854248047,86.75,0.7001004547119141
historical_adamw_30,"AdamW lr 0.02, cosine, no aug, 30 ep (historical)",P3,test,resolution_max_b1_gaussian_conv,RG,3,86.06333333333333,0.21779194965226542,0.6515716430664062,0.005999530183971417,86.24000000000001,0.6537932861328125,86.13,0.6447781646728515,85.82,0.6561434783935547
historical_adamw_30,"AdamW lr 0.02, cosine, no aug, 30 ep (historical)",P3,test,sdpoint,SDPoint,3,87.50333333333334,0.612318000170937,0.39022608083089194,0.007155613097044025,87.72999999999999,0.3833938766479492,86.81,0.3976663024902344,87.97,0.3896180633544922
historical_adamw_30,"AdamW lr 0.02, cosine, no aug, 30 ep (historical)",P3,train,cbs_budget_matched,CBS-bm,3,99.99600000000001,1.3597399555105182e-14,0.0025265950349966687,0.0002957580345992332,99.996,0.0027823543643951416,99.996,0.0022027225410938263,99.996,0.0025947081995010375
historical_adamw_30,"AdamW lr 0.02, cosine, no aug, 30 ep (historical)",P3,train,cbs_published_schedule,CBS-pub,3,96.11466666666666,0.37960154548333086,0.12890722836812338,0.011007370930383958,96.366,0.12108643295288087,96.3,0.12414072662353516,95.678,0.1414945255279541
historical_adamw_30,"AdamW lr 0.02, cosine, no aug, 30 ep (historical)",P3,train,gaussian_postrelu,G,3,99.58266666666667,0.10944100389402941,0.02514664101600647,0.004280963158068937,99.68599999999999,0.021489965934753417,99.468,0.029855636653900147,99.59400000000001,0.024094320459365846
historical_adamw_30,"AdamW lr 0.02, cosine, no aug, 30 ep (historical)",P3,train,plain,Plain,3,99.99733333333333,0.002309401076760813,0.00037595591006179646,0.00012455359050142736,99.996,0.0003709008215367794,99.996,0.000502960084527731,100.0,0.00025400682412087916
historical_adamw_30,"AdamW lr 0.02, cosine, no aug, 30 ep (historical)",P3,train,resolution_max_b1,R,3,99.99866666666665,0.002309401076760813,0.0012039544912179313,8.332666360191183e-05,100.0,0.0012361676543951035,99.996,0.0012663658499717713,100.0,0.0011093299692869186
historical_adamw_30,"AdamW lr 0.02, cosine, no aug, 30 ep (historical)",P3,train,resolution_max_b1_gaussian_conv,RG,3,99.97466666666666,0.011015141094576837,0.006138775169849395,0.0012742875517871752,99.96199999999999,0.007583785276412964,99.982,0.005656620087623596,99.98,0.005175920145511628
historical_adamw_30,"AdamW lr 0.02, cosine, no aug, 30 ep (historical)",P3,train,sdpoint,SDPoint,3,96.352,0.2657743403716742,0.1126997333017985,0.008078354178831395,96.446,0.11140810798645019,96.052,0.1213460824584961,96.55799999999999,0.10534500946044922
historical_sgd_30,"SGD lr 0.005, cosine, no aug, 30 ep (historical)",P0,test,cbs_budget_matched,CBS-bm,3,78.60666666666667,0.8980163324424209,0.6619739298502605,0.015731963692170555,78.24,0.6689102355957032,77.95,0.673045736694336,79.63,0.6439658172607422
historical_sgd_30,"SGD lr 0.005, cosine, no aug, 30 ep (historical)",P0,test,cbs_published_schedule,CBS-pub,3,77.92,0.6025777958073086,0.6462636759440105,0.013928883268947145,77.38000000000001,0.6596459655761718,77.81,0.6472990783691406,78.57,0.6318459838867188
historical_sgd_30,"SGD lr 0.005, cosine, no aug, 30 ep (historical)",P0,test,gaussian_postrelu,G,3,79.92666666666666,0.13428824718988913,0.5918460098266601,0.003073593613646867,79.83,0.5883055130004883,80.08,0.5938298919677735,79.86999999999999,0.5934026245117188
historical_sgd_30,"SGD lr 0.005, cosine, no aug, 30 ep (historical)",P0,test,plain,Plain,3,75.47333333333333,0.8685812186165053,0.7586587361653646,0.012536071046009453,74.53,0.7731327758789063,75.64999999999999,0.7512493560791016,76.24,0.751594076538086
historical_sgd_30,"SGD lr 0.005, cosine, no aug, 30 ep (historical)",P0,test,resolution_max_b1,R,3,80.38,0.39962482405376254,0.5781259373982747,0.008446925067176326,80.31,0.5855790832519531,80.02,0.5798480804443359,80.81,0.5689506484985352
historical_sgd_30,"SGD lr 0.005, cosine, no aug, 30 ep (historical)",P0,test,resolution_max_b1_gaussian_conv,RG,3,81.48333333333332,0.3385754470326108,0.5443958679199219,0.004563366742540009,81.34,0.5434872039794922,81.24,0.5493452041625977,81.87,0.5403551956176758
historical_sgd_30,"SGD lr 0.005, cosine, no aug, 30 ep (historical)",P0,test,sdpoint,SDPoint,3,77.92333333333333,1.1729592206608621,0.6501246175130209,0.05278108102039662,78.94,0.6076374389648438,78.19,0.6335267974853516,76.64,0.7092096160888672
historical_sgd_30,"SGD lr 0.005, cosine, no aug, 30 ep (historical)",P0,train,cbs_budget_matched,CBS-bm,3,94.76133333333333,0.362018415737837,0.19266188446044916,0.012891925710770195,94.416,0.2042651605224609,94.73,0.1949364297485351,95.138,0.1787840631103515
historical_sgd_30,"SGD lr 0.005, cosine, no aug, 30 ep (historical)",P0,train,cbs_published_schedule,CBS-pub,3,87.79133333333333,0.3411588095496479,0.3707366983032226,0.009998651723132843,87.414,0.3818135208129883,87.882,0.3680180456542968,88.078,0.3623785284423828
historical_sgd_30,"SGD lr 0.005, cosine, no aug, 30 ep (historical)",P0,train,gaussian_postrelu,G,3,91.488,0.17840403582879166,0.2751068875630696,0.004800032347028953,91.352,0.2791657766723633,91.422,0.2763461392211914,91.69,0.2698087467956543
historical_sgd_30,"SGD lr 0.005, cosine, no aug, 30 ep (historical)",P0,train,plain,Plain,3,94.30666666666667,0.8441334807560553,0.20513815175374348,0.02152706468044409,93.45400000000001,0.2273749816894531,94.324,0.203640394744873,95.14200000000001,0.1843990788269043
historical_sgd_30,"SGD lr 0.005, cosine, no aug, 30 ep (historical)",P0,train,resolution_max_b1,R,3,90.424,0.32922332845653557,0.30141345372517897,0.011047568806539258,90.05,0.3138185397338867,90.55199999999999,0.2977865965270996,90.67,0.2926352249145508
historical_sgd_30,"SGD lr 0.005, cosine, no aug, 30 ep (historical)",P0,train,resolution_max_b1_gaussian_conv,RG,3,89.83333333333333,0.07422488351848575,0.3152898567708333,0.003994818530241189,89.756,0.3198434967041015,89.84,0.3136508828735351,89.904,0.3123751907348633
historical_sgd_30,"SGD lr 0.005, cosine, no aug, 30 ep (historical)",P0,train,sdpoint,SDPoint,3,82.26133333333333,1.3967180579248355,0.5146292026774089,0.041366170323993826,83.392,0.4845144384765625,82.692,0.4975776174926757,80.7,0.5617955520629883
historical_sgd_30,"SGD lr 0.005, cosine, no aug, 30 ep (historical)",P1,test,cbs_budget_matched,CBS-bm,3,78.71000000000001,0.901165911472466,0.6569795867919922,0.018276856513222483,78.22,0.6668406890869141,78.16,0.6682080108642579,79.75,0.6358900604248047
historical_sgd_30,"SGD lr 0.005, cosine, no aug, 30 ep (historical)",P1,test,cbs_published_schedule,CBS-pub,3,78.01333333333332,0.6132971003790377,0.6427273539225261,0.014339601770870658,77.52,0.6559895599365234,77.82,0.6446816802978516,78.7,0.6275108215332031
historical_sgd_30,"SGD lr 0.005, cosine, no aug, 30 ep (historical)",P1,test,gaussian_postrelu,G,3,79.94333333333333,0.03214550253663964,0.5886117823282878,0.0011932343752464754,79.97999999999999,0.5873259841918945,79.92,0.5896834594726562,79.93,0.5888259033203125
historical_sgd_30,"SGD lr 0.005, cosine, no aug, 30 ep (historical)",P1,test,plain,Plain,3,75.46,0.8459314393022679,0.7534403391520182,0.015350070636142372,74.52,0.7711591278076172,75.7,0.7449785186767578,76.16000000000001,0.7441833709716796
historical_sgd_30,"SGD lr 0.005, cosine, no aug, 30 ep (historical)",P1,test,resolution_max_b1,R,3,80.46000000000001,0.5106858133921489,0.5751964075724283,0.00947829842478697,80.34,0.5830239868164062,80.02,0.5779071853637695,81.02000000000001,0.5646580505371094
historical_sgd_30,"SGD lr 0.005, cosine, no aug, 30 ep (historical)",P1,test,resolution_max_b1_gaussian_conv,RG,3,81.63,0.274954541697354,0.5418107981363932,0.0049081182095398745,81.57,0.5417412292480469,81.39,0.5467533309936523,81.93,0.5369378341674804
historical_sgd_30,"SGD lr 0.005, cosine, no aug, 30 ep (historical)",P1,test,sdpoint,SDPoint,3,79.82666666666667,0.3365016097039287,0.5881697774251302,0.01004761002394054,79.69000000000001,0.5892258209228516,79.58,0.59764765625,80.21000000000001,0.577635855102539
historical_sgd_30,"SGD lr 0.005, cosine, no aug, 30 ep (historical)",P1,train,cbs_budget_matched,CBS-bm,3,94.92866666666666,0.3946255609224182,0.19151507308959959,0.012441065497518314,94.57799999999999,0.2023000874328613,94.852,0.1943410031127929,95.356,0.1779041287231445
historical_sgd_30,"SGD lr 0.005, cosine, no aug, 30 ep (historical)",P1,train,cbs_published_schedule,CBS-pub,3,87.87466666666667,0.3531420866072636,0.36995012532552085,0.009710397880491098,87.492,0.3804446398925781,87.944,0.3681220346069336,88.188,0.3612837014770508
historical_sgd_30,"SGD lr 0.005, cosine, no aug, 30 ep (historical)",P1,train,gaussian_postrelu,G,3,91.60266666666666,0.15709020763030815,0.2743114172871908,0.004630340169797612,91.51599999999999,0.2767416998291016,91.508,0.2772206359863281,91.78399999999999,0.2689719160461425
historical_sgd_30,"SGD lr 0.005, cosine, no aug, 30 ep (historical)",P1,train,plain,Plain,3,94.45133333333334,0.8445337964423533,0.20375166620890295,0.020697149764422197,93.58999999999999,0.2245521604919433,94.486,0.2035434054565429,95.27799999999999,0.1831594326782226
historical_sgd_30,"SGD lr 0.005, cosine, no aug, 30 ep (historical)",P1,train,resolution_max_b1,R,3,90.57066666666667,0.3792325583772239,0.29947829076131177,0.010246445569700113,90.184,0.3102699114990234,90.586,0.2982831158447265,90.94200000000001,0.2898818449401855
historical_sgd_30,"SGD lr 0.005, cosine, no aug, 30 ep (historical)",P1,train,resolution_max_b1_gaussian_conv,RG,3,89.96933333333334,0.13764204783907158,0.31374730453491206,0.003779814380212848,89.898,0.3173013952636718,89.88199999999999,0.3141641885375976,90.128,0.3097763298034668
historical_sgd_30,"SGD lr 0.005, cosine, no aug, 30 ep (historical)",P1,train,sdpoint,SDPoint,3,84.21133333333333,0.3666187847524109,0.47689023000081376,0.00978020454279836,84.152,0.4803787045288086,83.878,0.4844478909301757,84.604,0.465844094543457
historical_sgd_30,"SGD lr 0.005, cosine, no aug, 30 ep (historical)",P2,test,cbs_budget_matched,CBS-bm,3,78.70333333333333,0.9246260505379075,0.6593342529296875,0.018303951713424665,78.21000000000001,0.6692041625976562,78.13,0.6705848876953125,79.77,0.6382137084960937
historical_sgd_30,"SGD lr 0.005, cosine, no aug, 30 ep (historical)",P2,test,cbs_published_schedule,CBS-pub,3,77.98333333333333,0.6205105424836347,0.6441249084472657,0.014478576908044912,77.49000000000001,0.6575344970703125,77.78,0.6460668701171876,78.68,0.6287733581542969
historical_sgd_30,"SGD lr 0.005, cosine, no aug, 30 ep (historical)",P2,test,gaussian_postrelu,G,3,79.96,0.009999999999998899,0.5897446904500326,0.001272721332309874,79.95,0.5883349227905273,79.97,0.5908090682983398,79.96,0.5900900802612304
historical_sgd_30,"SGD lr 0.005, cosine, no aug, 30 ep (historical)",P2,test,plain,Plain,3,75.46,0.8750428560933464,0.7556917266845703,0.015295304152691777,74.49,0.7733511535644532,75.7,0.7470961303710938,76.19,0.746627896118164
historical_sgd_30,"SGD lr 0.005, cosine, no aug, 30 ep (historical)",P2,test,resolution_max_b1,R,3,80.44333333333333,0.5227172594561401,0.5759756932576497,0.009432985709695052,80.34,0.5838640991210937,79.97999999999999,0.578536181640625,81.01,0.5655267990112305
historical_sgd_30,"SGD lr 0.005, cosine, no aug, 30 ep (historical)",P2,test,resolution_max_b1_gaussian_conv,RG,3,81.64666666666668,0.28746014216466953,0.542316705830892,0.00490201354560038,81.55,0.542249626159668,81.42,0.5472519149780274,81.97,0.5374485763549804
historical_sgd_30,"SGD lr 0.005, cosine, no aug, 30 ep (historical)",P2,test,sdpoint,SDPoint,3,79.84666666666668,0.3212994449626913,0.5875942326863607,0.01003662258617649,79.73,0.5886238067626953,79.60000000000001,0.597076383972168,80.21000000000001,0.5770825073242187
historical_sgd_30,"SGD lr 0.005, cosine, no aug, 30 ep (historical)",P2,train,cbs_budget_matched,CBS-bm,3,94.922,0.3810091862409638,0.1901556204732259,0.012370703704588936,94.59,0.20086470581054688,94.838,0.19298770889282227,95.338,0.1766144467163086
historical_sgd_30,"SGD lr 0.005, cosine, no aug, 30 ep (historical)",P2,train,cbs_published_schedule,CBS-pub,3,87.904,0.3437382725272205,0.36824680358886724,0.009717465404613745,87.53800000000001,0.3787638592529297,87.954,0.3663754263305664,88.22,0.35960112518310544
historical_sgd_30,"SGD lr 0.005, cosine, no aug, 30 ep (historical)",P2,train,gaussian_postrelu,G,3,91.61466666666666,0.1702272990249627,0.27303980962117513,0.004651435728507411,91.498,0.27544348022460935,91.536,0.2759976173400879,91.81,0.2676783312988281
historical_sgd_30,"SGD lr 0.005, cosine, no aug, 30 ep (historical)",P2,train,plain,Plain,3,94.46333333333334,0.8213752694921685,0.20254838755289714,0.020684960620131154,93.628,0.22335205154418944,94.492,0.2023089012145996,95.27,0.18198420989990235
historical_sgd_30,"SGD lr 0.005, cosine, no aug, 30 ep (historical)",P2,train,resolution_max_b1,R,3,90.578,0.381999999999999,0.29847781412760416,0.0101832187227918,90.196,0.30919642822265625,90.578,0.2973055618286133,90.96,0.288931452331543
historical_sgd_30,"SGD lr 0.005, cosine, no aug, 30 ep (historical)",P2,train,resolution_max_b1_gaussian_conv,RG,3,89.97666666666667,0.15892555909397288,0.31265549062093095,0.003714915452475129,89.89200000000001,0.31613034240722654,89.878,0.31309628662109373,90.16,0.30873984283447264
historical_sgd_30,"SGD lr 0.005, cosine, no aug, 30 ep (historical)",P2,train,sdpoint,SDPoint,3,84.21466666666667,0.3818760706477081,0.47572333740234374,0.009782848818176955,84.152,0.47920668365478514,83.868,0.48328778350830076,84.624,0.4646755450439453
historical_sgd_30,"SGD lr 0.005, cosine, no aug, 30 ep (historical)",P3,test,cbs_budget_matched,CBS-bm,3,78.58999999999999,0.7884795495128611,0.6635760976155599,0.01879607483521622,78.11,0.67235595703125,78.16,0.6763756408691406,79.5,0.6419966949462891
historical_sgd_30,"SGD lr 0.005, cosine, no aug, 30 ep (historical)",P3,test,cbs_published_schedule,CBS-pub,3,77.85666666666667,0.6957969052340883,0.6486104309082031,0.013967294089177256,77.35,0.6609948852539063,77.57,0.6513655090332031,78.64999999999999,0.6334708984375
historical_sgd_30,"SGD lr 0.005, cosine, no aug, 30 ep (historical)",P3,test,gaussian_postrelu,G,3,80.01,0.14933184523068108,0.5938845728556316,0.0017305055687296229,79.84,0.5919330749511719,80.12,0.5944883117675781,80.07,0.5952323318481445
historical_sgd_30,"SGD lr 0.005, cosine, no aug, 30 ep (historical)",P3,test,plain,Plain,3,75.43333333333334,0.9610584442859489,0.7601678741455079,0.015646710934366224,74.37,0.7782350280761718,75.69,0.7511892944335937,76.24,0.7510792999267578
historical_sgd_30,"SGD lr 0.005, cosine, no aug, 30 ep (historical)",P3,test,resolution_max_b1,R,3,80.28333333333335,0.4833563212924157,0.5794871170043946,0.010396266877037735,80.17999999999999,0.5876644775390625,79.86,0.5830096420288086,80.81,0.5677872314453125
historical_sgd_30,"SGD lr 0.005, cosine, no aug, 30 ep (historical)",P3,test,resolution_max_b1_gaussian_conv,RG,3,81.53,0.31320919526731394,0.5463825546264648,0.005258291539636275,81.32000000000001,0.546376106262207,81.38,0.5516440673828125,81.89,0.541127490234375
historical_sgd_30,"SGD lr 0.005, cosine, no aug, 30 ep (historical)",P3,test,sdpoint,SDPoint,3,79.83666666666666,0.3768730997740903,0.5893421305338542,0.010378605564930274,79.88,0.5895153991699219,79.44,0.5996330169677735,80.19,0.5788779754638672
historical_sgd_30,"SGD lr 0.005, cosine, no aug, 30 ep (historical)",P3,train,cbs_budget_matched,CBS-bm,3,94.72200000000001,0.3794258820902993,0.19397995585123698,0.012170680842124127,94.404,0.2044766828918457,94.62,0.19682415145874024,95.14200000000001,0.180639033203125
historical_sgd_30,"SGD lr 0.005, cosine, no aug, 30 ep (historical)",P3,train,cbs_published_schedule,CBS-pub,3,87.77133333333333,0.33740381345404397,0.37104678181966144,0.009605184295073078,87.394,0.3814829666137695,87.876,0.3690804736328125,88.044,0.3625769052124023
historical_sgd_30,"SGD lr 0.005, cosine, no aug, 30 ep (historical)",P3,train,gaussian_postrelu,G,3,91.42466666666667,0.13865544826415155,0.27635150751749676,0.004005998379876775,91.4,0.27861241882324217,91.3,0.2787159385681152,91.574,0.2717261651611328
historical_sgd_30,"SGD lr 0.005, cosine, no aug, 30 ep (historical)",P3,train,plain,Plain,3,94.284,0.7570178333434445,0.2061163175455729,0.019730027871124232,93.524,0.2262405891418457,94.28999999999999,0.20530265563964845,95.038,0.1868057078552246
historical_sgd_30,"SGD lr 0.005, cosine, no aug, 30 ep (historical)",P3,train,resolution_max_b1,R,3,90.45799999999998,0.4285463802203907,0.3005142940266927,0.010014849527921935,90.05199999999999,0.31076188049316406,90.416,0.30003134552001953,90.90599999999999,0.2907496560668945
historical_sgd_30,"SGD lr 0.005, cosine, no aug, 30 ep (historical)",P3,train,resolution_max_b1_gaussian_conv,RG,3,89.84200000000001,0.1638047618355457,0.31538610819498697,0.003212461022892221,89.766,0.31834647552490236,89.73,0.3158416607666016,90.03,0.311970188293457
historical_sgd_30,"SGD lr 0.005, cosine, no aug, 30 ep (historical)",P3,train,sdpoint,SDPoint,3,84.11066666666667,0.3657831780349276,0.4773385101318359,0.009996119651085959,84.024,0.48025038330078124,83.796,0.48555537841796875,84.512,0.4662097686767578
sgd_standard_aug_160,"SGD lr 0.1, steps 80/120, crop+flip, 160 ep",P0,test,cbs_budget_matched,CBS-bm,1,91.24,,0.3675329513549805,,,,,,91.24,0.3675329513549805
sgd_standard_aug_160,"SGD lr 0.1, steps 80/120, crop+flip, 160 ep",P0,test,sdpoint,SDPoint,1,90.44,,0.2871140579223633,,,,,,90.44,0.2871140579223633
sgd_standard_aug_160,"SGD lr 0.1, steps 80/120, crop+flip, 160 ep",P0,train,cbs_budget_matched,CBS-bm,1,99.55199999999999,,0.015934352054595948,,,,,,99.55199999999999,0.015934352054595948
sgd_standard_aug_160,"SGD lr 0.1, steps 80/120, crop+flip, 160 ep",P0,train,sdpoint,SDPoint,1,95.482,,0.12910356674194337,,,,,,95.482,0.12910356674194337
sgd_standard_aug_160,"SGD lr 0.1, steps 80/120, crop+flip, 160 ep",P1,test,cbs_budget_matched,CBS-bm,1,89.34,,0.41949197845458985,,,,,,89.34,0.41949197845458985
sgd_standard_aug_160,"SGD lr 0.1, steps 80/120, crop+flip, 160 ep",P1,test,sdpoint,SDPoint,1,88.78,,0.3411840621948242,,,,,,88.78,0.3411840621948242
sgd_standard_aug_160,"SGD lr 0.1, steps 80/120, crop+flip, 160 ep",P1,train,cbs_budget_matched,CBS-bm,1,96.756,,0.09445132781982422,,,,,,96.756,0.09445132781982422
sgd_standard_aug_160,"SGD lr 0.1, steps 80/120, crop+flip, 160 ep",P1,train,sdpoint,SDPoint,1,92.818,,0.2032566926574707,,,,,,92.818,0.2032566926574707
sgd_standard_aug_160,"SGD lr 0.1, steps 80/120, crop+flip, 160 ep",P2,test,cbs_budget_matched,CBS-bm,1,89.31,,0.42552416534423826,,,,,,89.31,0.42552416534423826
sgd_standard_aug_160,"SGD lr 0.1, steps 80/120, crop+flip, 160 ep",P2,test,sdpoint,SDPoint,1,88.66000000000001,,0.34410457305908204,,,,,,88.66000000000001,0.34410457305908204
sgd_standard_aug_160,"SGD lr 0.1, steps 80/120, crop+flip, 160 ep",P2,train,cbs_budget_matched,CBS-bm,1,96.76,,0.09437200359344483,,,,,,96.76,0.09437200359344483
sgd_standard_aug_160,"SGD lr 0.1, steps 80/120, crop+flip, 160 ep",P2,train,sdpoint,SDPoint,1,92.786,,0.2044473941040039,,,,,,92.786,0.2044473941040039
sgd_standard_aug_160,"SGD lr 0.1, steps 80/120, crop+flip, 160 ep",P3,test,cbs_budget_matched,CBS-bm,1,91.32000000000001,,0.3659529815673828,,,,,,91.32000000000001,0.3659529815673828
sgd_standard_aug_160,"SGD lr 0.1, steps 80/120, crop+flip, 160 ep",P3,test,sdpoint,SDPoint,1,92.25999999999999,,0.2458220848083496,,,,,,92.25999999999999,0.2458220848083496
sgd_standard_aug_160,"SGD lr 0.1, steps 80/120, crop+flip, 160 ep",P3,train,cbs_budget_matched,CBS-bm,1,99.568,,0.014984263072013854,,,,,,99.568,0.014984263072013854
sgd_standard_aug_160,"SGD lr 0.1, steps 80/120, crop+flip, 160 ep",P3,train,sdpoint,SDPoint,1,97.056,,0.08814324584960938,,,,,,97.056,0.08814324584960938
