policy,split,amplitude,method,n_seeds,mean,sd,n_negative,n_positive,n_zero,seed0,seed1,seed2,seed3,seed4,mean_relative_to_plain
saved,train_probe,0.005,resolution_max_b1,5,-0.0005807171249389688,0.00026237028715859486,5,0,0,-0.00043932418823241647,-0.0008046016693115318,-0.0009092327117920116,-0.0002950559616088893,-0.0004553710937499941,-0.34698359679692153
saved,train_probe,0.005,gaussian_postrelu,5,-0.00022985507965088414,0.00024712083243895856,4,1,0,-6.52534484863257e-05,-0.0004061248779297019,-0.0005550722122192556,-0.00017003574371336479,4.72108840942273e-05,-0.1286755152310186
saved,train_probe,0.005,resolution_max_b1_gaussian_conv,5,-0.0006549267959594762,0.00025915182245102444,5,0,0,-0.000598780822753929,-0.0008671600341796882,-0.0009695838928222913,-0.00034663639068600307,-0.0004924728393554692,-0.3944385508660376
saved,train_probe,0.01,resolution_max_b1,5,-0.002235585289001469,0.00080711882771327,5,0,0,-0.001849308586120593,-0.0030236385345459027,-0.003167502021789572,-0.0013716499328613211,-0.0017658273696899577,-0.3411969601901352
saved,train_probe,0.01,gaussian_postrelu,5,-0.0006659327316284259,0.0008660312364043528,4,1,0,-0.00017135181427002655,-0.0012846290588379187,-0.0018252506256103713,-0.0003443929672240975,0.0002959608078002846,-0.09388948070382916
saved,train_probe,0.01,resolution_max_b1_gaussian_conv,5,-0.00258568119049073,0.0007939824338769647,5,0,0,-0.002520430564880391,-0.003353725051879886,-0.003416345787048368,-0.0016432632446288812,-0.0019946413040161214,-0.39716035465853355
saved,train_probe,0.02,resolution_max_b1,5,-0.008925029869079589,0.0024647932733125196,5,0,0,-0.007797508239746079,-0.011521091079711922,-0.01163504753112794,-0.006507407951354974,-0.007164094543457032,-0.3432842719552368
saved,train_probe,0.02,gaussian_postrelu,5,-0.002018147544860842,0.0034047586912509032,3,2,0,-0.0007762222290038992,-0.004712527465820328,-0.006456235885620134,0.00041644344329835534,0.0014378044128417963,-0.07090386949611258
saved,train_probe,0.02,resolution_max_b1_gaussian_conv,5,-0.010425568275451661,0.00228094531065143,5,0,0,-0.010472151184082045,-0.012764831924438471,-0.012556512069702166,-0.007621782112121556,-0.008712564086914067,-0.40339041538137216
saved,train_probe,0.025,resolution_max_b1,5,-0.014055639495849615,0.003541602944274381,5,0,0,-0.012382202720642076,-0.017907736968994156,-0.017858406829833993,-0.010762452316284182,-0.011367398643493655,-0.34571678763042
saved,train_probe,0.025,gaussian_postrelu,5,-0.002700222434997569,0.0054327748237419276,3,2,0,-0.0011213037490844652,-0.007122184753418012,-0.009631449317932153,0.0018680507659912249,0.0025057748794555593,-0.060005644493052776
saved,train_probe,0.025,resolution_max_b1_gaussian_conv,5,-0.016428677673339845,0.0031556384415924363,5,0,0,-0.01656587238311769,-0.01971677742004395,-0.01927931060791019,-0.012521931457519495,-0.014059496498107907,-0.4064604263552476
saved,train_probe,0.05,resolution_max_b1,5,-0.05997340679168702,0.011375132605113128,5,0,0,-0.052816117095947246,-0.07377216758728028,-0.07084300041198735,-0.05271373748779297,-0.049722011375427255,-0.3582827057117046
saved,train_probe,0.05,gaussian_postrelu,5,-0.0043043474960327175,0.024982331481077112,3,2,0,-0.000728340911865244,-0.025071346282958984,-0.03427738151550297,0.023849647140502944,0.014705684089660664,-0.020083136088730507
saved,train_probe,0.05,resolution_max_b1_gaussian_conv,5,-0.0699087376022339,0.009204550208649697,5,0,0,-0.07107735176086429,-0.08003380241394044,-0.07696180114746098,-0.05782287635803218,-0.06364785633087161,-0.42000143762558906
saved,train_probe,0.1,resolution_max_b1,5,-0.268175668258667,0.04046020844699758,5,0,0,-0.24442386932373034,-0.3194245635986327,-0.2967154342651367,-0.26221322746276876,-0.2181012466430664,-0.36348903674555305
saved,train_probe,0.1,gaussian_postrelu,5,-0.024414371643066368,0.10774593705655422,2,3,0,0.007490406417846707,-0.13855790481567376,-0.13466211624145508,0.1010692211151124,0.04258853530883788,-0.02731694752467393
saved,train_probe,0.1,resolution_max_b1_gaussian_conv,5,-0.3122757609558105,0.03444568100648404,5,0,0,-0.3295997058868408,-0.3541234100341796,-0.32167003707885744,-0.26668390769958494,-0.2893017440795898,-0.4253339602120505
saved,train_probe,0.2,resolution_max_b1,5,-1.0575729684448247,0.15357442326720697,5,0,0,-1.1720973281860356,-1.1945338333129887,-1.092635667419434,-1.014753118896485,-0.8138448944091801,-0.31346450494341355
saved,train_probe,0.2,gaussian_postrelu,5,-0.4623636242675782,0.34819452482563984,5,0,0,-0.321524787902832,-0.9473352035522464,-0.69635135345459,-0.10981007995605507,-0.2367966964721675,-0.1327912748193127
saved,train_probe,0.2,resolution_max_b1_gaussian_conv,5,-1.240911994171143,0.21450709431542433,5,0,0,-1.51026992263794,-1.4337948730468755,-1.129797261047364,-1.0530113815307622,-1.0776865325927734,-0.3682494121164509
saved,train_probe,0.25,resolution_max_b1,5,-1.470098885803223,0.24699844428790046,5,0,0,-1.8148705368041997,-1.6032858581542966,-1.404380642700195,-1.3592066116333021,-1.168750779724121,-0.27719053520494047
saved,train_probe,0.25,gaussian_postrelu,5,-0.8969434378051762,0.40591716910731407,5,0,0,-0.7848952133178715,-1.5133236907958993,-1.0650020050048825,-0.48233470611572393,-0.6391615737915037,-0.1665343145358913
saved,train_probe,0.25,resolution_max_b1_gaussian_conv,5,-1.7633243170166015,0.3789647261679515,5,0,0,-2.279359584045411,-2.053797233581543,-1.4335518569946277,-1.5514308975219735,-1.4984820129394527,-0.3321576541785055
saved,train_probe,0.35,resolution_max_b1,5,-2.1062776153564458,0.7155323085170108,5,0,0,-3.268481991577149,-2.156047872924807,-1.3620687835693346,-1.9978949920654303,-1.7468944366455084,-0.20894366374620402
saved,train_probe,0.35,gaussian_postrelu,5,-1.9323958584594727,0.4461973560680746,5,0,0,-2.1994162017822276,-2.5368573669433587,-1.4202149230957026,-1.6246500091552711,-1.8808407913208027,-0.19181634459688138
saved,train_probe,0.35,resolution_max_b1_gaussian_conv,5,-2.7117334545898437,0.9568126436927495,5,0,0,-3.9089626464843743,-3.337487579345704,-1.507351495361327,-2.7148155975341783,-2.0900499542236357,-0.2680644839893346
saved,train_probe,0.5,resolution_max_b1,5,-3.185454579467774,1.9903762905621807,5,0,0,-5.545265890502929,-2.71896477355957,-0.5776448364257867,-4.7682905090332035,-2.3171068878173813,-0.14733126482645528
saved,train_probe,0.5,gaussian_postrelu,5,-4.298778645935057,1.352748573173929,5,0,0,-5.7965328186035165,-4.540335540771483,-2.0844011169433614,-4.5661916473388615,-4.506432106018066,-0.20102120980341356
saved,train_probe,0.5,resolution_max_b1_gaussian_conv,5,-4.6299905352783215,2.454045371995486,5,0,0,-7.084087838745122,-5.6086033416748045,-2.563737304687507,-6.386646676635738,-1.506877514648437,-0.21353367802111958
saved,test_probe,0.005,resolution_max_b1,5,-0.00037385665893554295,0.0001956613073821202,5,0,0,-0.00017728576660152034,-0.00028182449340818363,-0.0005003623962402003,-0.0006509689331054725,-0.00025884170532233797,-0.284386197274022
saved,test_probe,0.005,gaussian_postrelu,5,-0.00011205192565916565,0.00019936263279726526,4,1,0,-0.0002546756744384481,-0.0002060661315917312,-0.0002620635986327446,-4.629898071291101e-05,0.00020884475708000667,-0.09008143381376907
saved,test_probe,0.005,resolution_max_b1_gaussian_conv,5,-0.0004615402984619188,0.00018060419593613495,5,0,0,-0.0003204616546630789,-0.00042080917358399686,-0.000539834213256829,-0.00073400344848632,-0.00029259300231936894,-0.35725265019445385
saved,test_probe,0.01,resolution_max_b1,5,-0.001637193908691411,0.0006793981448660902,5,0,0,-0.0009264144897460302,-0.0015407218933105645,-0.002280542755126913,-0.0023916343688965115,-0.001046656036377036,-0.30842749778559936
saved,test_probe,0.01,gaussian_postrelu,5,-0.0006205134582519388,0.0008206406919532131,4,1,0,-0.0006851924896240035,-0.0010576236724853137,-0.0015086746215819567,-0.0005353515624999866,0.000684275054931566,-0.11122913228734914
saved,test_probe,0.01,resolution_max_b1_gaussian_conv,5,-0.002023312835693374,0.0006984785946615856,5,0,0,-0.0014950683593749625,-0.0022102096557617633,-0.002585950851440444,-0.002717798233032237,-0.0011075370788574622,-0.38382655842587704
saved,test_probe,0.02,resolution_max_b1,5,-0.007140357208251942,0.0019115278184146567,5,0,0,-0.004937156677246042,-0.007555861663818338,-0.009275189971923786,-0.008543376159667954,-0.00539020156860359,-0.332543633457779
saved,test_probe,0.02,gaussian_postrelu,5,-0.002361223068237269,0.0031284450541172004,4,1,0,-0.0018436450958251374,-0.004546823883056571,-0.006203449249267495,-0.0010482864379882384,0.0018360893249510964,-0.10321199640990267
saved,test_probe,0.02,resolution_max_b1_gaussian_conv,5,-0.008601452178955079,0.0022423850188147197,5,0,0,-0.006878503417968702,-0.010046082305908244,-0.010449914550781246,-0.010097626113891573,-0.0055351345062256245,-0.4006214412271012
saved,test_probe,0.025,resolution_max_b1,5,-0.011457700195312495,0.0026370791112160707,5,0,0,-0.008505101013183535,-0.012032622528076159,-0.014581481170654241,-0.013174148559570338,-0.008995147705078206,-0.3390927219760093
saved,test_probe,0.025,gaussian_postrelu,5,-0.0032865566253661924,0.005100957057133102,4,1,0,-0.0028163661956786615,-0.006785461425781184,-0.009726368713378834,-0.0001829315185547173,0.0030783447265624354,-0.09101002141692471
saved,test_probe,0.025,resolution_max_b1_gaussian_conv,5,-0.013682074432373065,0.0031505442833818153,5,0,0,-0.011430782699584963,-0.015717630004882858,-0.016317886352539057,-0.015682646179199233,-0.009261426925659216,-0.4047170643870954
saved,test_probe,0.05,resolution_max_b1,5,-0.048263944549560525,0.0087000858053366,5,0,0,-0.03985892410278316,-0.05179772644042964,-0.059130233001708915,-0.05173122634887692,-0.03880161285400402,-0.34372697569919053
saved,test_probe,0.05,gaussian_postrelu,5,-0.002573032531738248,0.024717629254024417,3,2,0,-0.005391311645507768,-0.0190479927062987,-0.032999182128906165,0.023452504730224644,0.02112081909179675,-0.01279362368946762
saved,test_probe,0.05,resolution_max_b1_gaussian_conv,5,-0.056598402099609355,0.009687837758436303,5,0,0,-0.051750476837158166,-0.06448681640625001,-0.06519594116210935,-0.059383102798461845,-0.04217567329406745,-0.4033758425074243
saved,test_probe,0.1,resolution_max_b1,5,-0.21224170700073247,0.041017225586320455,5,0,0,-0.187028044128418,-0.2527480972290038,-0.25371347808837896,-0.20754640350341796,-0.1601725120544436,-0.3355900581535869
saved,test_probe,0.1,gaussian_postrelu,5,0.009706398010253903,0.10905420053546898,2,3,0,0.024984284973144533,-0.08738433609008778,-0.1152196090698242,0.1346890846252442,0.09146256561279276,0.02455145633656603
saved,test_probe,0.1,resolution_max_b1_gaussian_conv,5,-0.2445999482727051,0.04593254597188193,5,0,0,-0.24502466812133789,-0.2989534744262695,-0.28033655014038095,-0.2067968978881835,-0.19188815078735366,-0.3877104431454257
saved,test_probe,0.2,resolution_max_b1,5,-0.874925307922363,0.15103088037131454,5,0,0,-0.9330290557861329,-0.9913299774169917,-0.9999283920288082,-0.8083436935424797,-0.6419954208374024,-0.28644166845037494
saved,test_probe,0.2,gaussian_postrelu,5,-0.3098649154663084,0.3653354671769868,4,1,0,-0.1347366210937504,-0.757630786132812,-0.6415584533691399,0.06331884002685584,-0.07871755676269565,-0.09526814322593116
saved,test_probe,0.2,resolution_max_b1_gaussian_conv,5,-1.0359162149047847,0.20808844982752842,5,0,0,-1.226194206237793,-1.2558044982910155,-1.0465414321899407,-0.8248114074707025,-0.826229530334472,-0.33927480859729114
saved,test_probe,0.25,resolution_max_b1,5,-1.2429372933959957,0.2136473412736047,5,0,0,-1.508371812438965,-1.343174569702147,-1.2779335510253902,-1.1440566253662112,-0.9411499084472656,-0.2541291405985956
saved,test_probe,0.25,gaussian_postrelu,5,-0.6979126647949215,0.41404460448508434,5,0,0,-0.5287945129394531,-1.2743169616699213,-0.9771374816894527,-0.2795781372070314,-0.4297362304687491,-0.13933678926377427
saved,test_probe,0.25,resolution_max_b1_gaussian_conv,5,-1.509822388000488,0.33625796894114074,5,0,0,-1.9272590576171877,-1.8182302307128895,-1.305612130737304,-1.2997789688110353,-1.1982315521240237,-0.3081838452342315
saved,test_probe,0.35,resolution_max_b1,5,-1.8525768054199219,0.6551984624294177,5,0,0,-2.925915493774414,-1.8699847351074208,-1.2174289367675764,-1.7944583068847653,-1.4550965545654329,-0.1937040543537813
saved,test_probe,0.35,gaussian_postrelu,5,-1.6948784857177739,0.4016617440500235,5,0,0,-1.9030988830566402,-2.2799470733642586,-1.2981867309570312,-1.3878172607421861,-1.605342480468753,-0.177286998615999
saved,test_probe,0.35,resolution_max_b1_gaussian_conv,5,-2.427013253784179,0.8934775793536431,5,0,0,-3.5242604095458976,-3.0518781585693358,-1.350583334350583,-2.444500836181641,-1.763843530273438,-0.2526861660136319
saved,test_probe,0.5,resolution_max_b1,5,-2.9371307629394545,1.9424334120445637,5,0,0,-5.26035456542969,-2.4599277648925764,-0.46805830078125155,-4.508950842285159,-1.9883623413085942,-0.1396698455528601
saved,test_probe,0.5,gaussian_postrelu,5,-4.01474453430176,1.3013165881002797,5,0,0,-5.523174874877935,-4.2377515258789025,-1.9224725708007817,-4.249487048339848,-4.14083665161133,-0.19332824361566864
saved,test_probe,0.5,resolution_max_b1_gaussian_conv,5,-4.320460350341798,2.421369637152677,5,0,0,-6.7609541381836,-5.2684036010742155,-2.381877612304688,-6.023328039550783,-1.1677383605957026,-0.20484554130504457
recalibrated,train_probe,0.005,resolution_max_b1,5,-0.00027327800750731715,0.0001535884407292954,5,0,0,-0.00019634876251221623,-0.00038979053497310986,-0.0004786079406738225,-0.00018765029907224644,-0.00011399250030519055,-0.4151702704137633
recalibrated,train_probe,0.005,gaussian_postrelu,5,1.9668655395513324e-05,0.0001122083761256107,1,4,0,6.788959503171987e-05,2.9993057251250692e-06,-0.00016752815246582622,8.010749816896175e-05,0.00011487503051758614,0.05032983168008347
recalibrated,train_probe,0.005,resolution_max_b1_gaussian_conv,5,-0.00028231288909911893,0.00016775113979135346,5,0,0,-0.00026198062896729826,-0.0004056798934936421,-0.00048319091796872327,-5.8261108398442664e-05,-0.00020245189666748817,-0.4339630453906194
recalibrated,train_probe,0.01,resolution_max_b1,5,-0.000960154571533199,0.000433311254022567,5,0,0,-0.0007046747207641634,-0.0013750349044799508,-0.0014873468399047866,-0.0006157545089721509,-0.0006179618835449429,-0.38835872172124153
recalibrated,train_probe,0.01,gaussian_postrelu,5,0.00026932212829590234,0.0003665987026321523,1,4,0,0.00044236087799070936,0.00010300807952884176,-0.0002985460281372241,0.0005443969726562623,0.0005553907394409223,0.12548480761124509
recalibrated,train_probe,0.01,resolution_max_b1_gaussian_conv,5,-0.0009853330993652338,0.0005211836852777296,5,0,0,-0.0009693315505981529,-0.001391879463195796,-0.001558765220642071,-0.0002508138656616269,-0.0007558753967285225,-0.4011452248539561
recalibrated,train_probe,0.02,resolution_max_b1,5,-0.00333028202056884,0.0012770088570892423,5,0,0,-0.00258568038940431,-0.00476283226013181,-0.004659241485595701,-0.002080703163146947,-0.002562952804565432,-0.35691381780017817
recalibrated,train_probe,0.02,gaussian_postrelu,5,0.0017459954452514667,0.0015543076028559984,1,4,0,0.0015809120178222474,0.0008619750976562781,-0.00025802745819093406,0.003570757484436053,0.0029743600845336896,0.19997955867536316
recalibrated,train_probe,0.02,resolution_max_b1_gaussian_conv,5,-0.0035011814498901355,0.0015993341964203806,5,0,0,-0.00375330963134767,-0.00477271194458006,-0.00496965599060057,-0.0010257596969604557,-0.0029844699859619198,-0.37812401790666594
recalibrated,train_probe,0.025,resolution_max_b1,5,-0.005001470069885244,0.0018638099330155623,5,0,0,-0.003903800964355471,-0.007159192466735806,-0.006861773490905762,-0.0031478860855102316,-0.003934697341918952,-0.3490544201953282
recalibrated,train_probe,0.025,gaussian_postrelu,5,0.0031909200668334982,0.0026895404312518747,1,4,0,0.0025707569122314297,0.0015759241104126246,-8.328247070320954e-06,0.006593731117248541,0.005222516441345217,0.23576759658704144
recalibrated,train_probe,0.025,resolution_max_b1_gaussian_conv,5,-0.005306600303649893,0.002311677011103585,5,0,0,-0.005763369369506845,-0.00713815250396726,-0.00732121791839597,-0.0016558218002319294,-0.004654439926147461,-0.37364112284752654
recalibrated,train_probe,0.05,resolution_max_b1,5,-0.01749800884246826,0.005822603916663713,5,0,0,-0.013296183776855479,-0.024750210189819287,-0.02265549125671388,-0.011800810813903793,-0.014987348175048855,-0.3268184666592033
recalibrated,train_probe,0.05,gaussian_postrelu,5,0.019199610595703125,0.01283802311750048,0,5,0,0.013963567352294926,0.012794061660766624,0.005311871528625466,0.03796717014312745,0.02596138229370116,0.3709467688332556
recalibrated,train_probe,0.05,resolution_max_b1_gaussian_conv,5,-0.019092202873229984,0.007415561262223086,5,0,0,-0.02096601638793946,-0.025103601455688462,-0.024284114456176745,-0.00672901325225831,-0.018378268814086933,-0.3604476298212418
recalibrated,train_probe,0.1,resolution_max_b1,5,-0.06125487083435057,0.01680985275171016,5,0,0,-0.04465356216430666,-0.08309169654846188,-0.0739536334991455,-0.04700774879455563,-0.057567713165283224,-0.3127409321865079
recalibrated,train_probe,0.1,gaussian_postrelu,5,0.08351630653381348,0.04286396054220404,0,5,0,0.06701348495483397,0.062029526901245136,0.03781097412109369,0.14798956909179695,0.10273797760009765,0.43713273730009117
recalibrated,train_probe,0.1,resolution_max_b1_gaussian_conv,5,-0.06796291053771972,0.024992097117535306,5,0,0,-0.07548964462280275,-0.08929078025817869,-0.07939508972167963,-0.024964730072021463,-0.07067430801391605,-0.3501092137530194
recalibrated,train_probe,0.2,resolution_max_b1,5,-0.18969011001586905,0.04369395957615665,5,0,0,-0.13961517105102544,-0.2540256408691405,-0.20848814773559554,-0.1664419540405272,-0.1798796363830566,-0.2727866906544777
recalibrated,train_probe,0.2,gaussian_postrelu,5,0.21293277481079106,0.094548035463139,0,5,0,0.19506256866455063,0.12245005798339847,0.15206468276977558,0.36546992340087914,0.22961664123535153,0.31278040209601515
recalibrated,train_probe,0.2,resolution_max_b1_gaussian_conv,5,-0.2196968803405761,0.07521094083391466,5,0,0,-0.23594741439819333,-0.2952313850402831,-0.22926259460449205,-0.09342484130859363,-0.2446181663513184,-0.3178614132033046
recalibrated,train_probe,0.25,resolution_max_b1,5,-0.2570071975708007,0.054719998547914796,5,0,0,-0.19821513519287093,-0.34117894058227527,-0.27577287445068344,-0.22754645004272467,-0.24232258758544933,-0.24914896567157854
recalibrated,train_probe,0.25,gaussian_postrelu,5,0.24048544845581055,0.11573789969887278,0,5,0,0.22805771560668964,0.11529131240844714,0.1860933898925783,0.4269353645324707,0.24604945983886695,0.23798182966957987
recalibrated,train_probe,0.25,resolution_max_b1_gaussian_conv,5,-0.3028653343200683,0.09770341289647609,5,0,0,-0.31961134185791007,-0.405489891052246,-0.3067500770568845,-0.14183805160522467,-0.3406373100280762,-0.2948630990359312
recalibrated,train_probe,0.35,resolution_max_b1,5,-0.3722227249145508,0.0683942414559227,5,0,0,-0.3037344284057617,-0.4725666564941404,-0.4105118820190432,-0.3335913818359375,-0.34070927581787114,-0.20609983120787265
recalibrated,train_probe,0.35,gaussian_postrelu,5,0.1894368338012696,0.13979355881860098,0,5,0,0.21148635711669939,0.03204432220458986,0.12353921203613272,0.409050802612305,0.17106347503662112,0.10738243569599375
recalibrated,train_probe,0.35,resolution_max_b1_gaussian_conv,5,-0.44662242553710935,0.11272795133234648,5,0,0,-0.45751616058349587,-0.5590243652343749,-0.46242458953857435,-0.2584276428222656,-0.4957193695068358,-0.24800805918324764
recalibrated,train_probe,0.5,resolution_max_b1,5,-0.4561356893920899,0.06046874070781092,5,0,0,-0.3819830261230468,-0.5223692169189453,-0.5144779113769533,-0.4252093368530274,-0.43663895568847666,-0.15648548918290292
recalibrated,train_probe,0.5,gaussian_postrelu,5,-0.04143074157714839,0.1452564883624904,3,2,0,0.03267929687499915,-0.15474079437255828,-0.1490035552978517,0.17981249847412162,-0.11590115356445274,-0.013183647894445195
recalibrated,train_probe,0.5,resolution_max_b1_gaussian_conv,5,-0.5616446762084959,0.09632803617257406,5,0,0,-0.5563042526245119,-0.5931273452758785,-0.6607452789306638,-0.4030209899902344,-0.5950255142211911,-0.1927951926202284
recalibrated,test_probe,0.005,resolution_max_b1,5,7.222793579098605e-05,9.895773967230746e-05,1,4,0,0.00011262207031245138,0.00016620178222656048,6.16142272949038e-05,-9.196624755863916e-05,0.00011266784667965382,0.4732820573311713
recalibrated,test_probe,0.005,gaussian_postrelu,5,0.0002663230133056548,0.00012016915997179997,0,5,0,0.0001767936706542128,0.0003191951751708888,0.00013636322021487457,0.000259683227539087,0.0004395797729492112,1.4527646933662344
recalibrated,test_probe,0.005,resolution_max_b1_gaussian_conv,5,1.7921447753873038e-05,3.149165975770612e-05,1,4,0,1.3760375976579192e-05,3.508453369132635e-05,-2.934684753422848e-05,1.4638519287107866e-05,5.5470657348580255e-05,0.11726404851824328
recalibrated,test_probe,0.01,resolution_max_b1,5,0.00015394180297848117,0.0002706700336258458,1,4,0,0.0004011428833007424,0.00038579177856445945,0.00013692398071283316,-0.0002657005310058969,0.00011155090332026774,0.22171429710685647
recalibrated,test_probe,0.01,gaussian_postrelu,5,0.0008295471954345634,0.000335566909139838,0,5,0,0.0005596073150634262,0.0008416168212890652,0.0004987854003906168,0.0009061935424804878,0.0013415328979492212,0.9280580959620813
recalibrated,test_probe,0.01,resolution_max_b1_gaussian_conv,5,-5.8808288574253574e-05,0.00010570614148599891,3,2,0,6.624755859377949e-05,-0.000119934844970776,-0.0001991680145264573,-5.7322311401370027e-05,1.613616943355598e-05,-0.05294123654968076
recalibrated,test_probe,0.02,resolution_max_b1,5,2.3628387451133607e-05,0.0006570671616683174,3,2,0,0.0006837806701659845,0.0005530723571777535,-0.00010514984130864918,-0.0009713157653809257,-4.224548339849506e-05,0.02500539494500086
recalibrated,test_probe,0.02,gaussian_postrelu,5,0.003009210739135724,0.0013339507502276718,0,5,0,0.0019100677490233755,0.0030853885650634575,0.001506706237792965,0.003793791961669935,0.004750099182128886,0.7823618308298703
recalibrated,test_probe,0.02,resolution_max_b1_gaussian_conv,5,-0.000502495727539104,0.0005481997944415855,4,1,0,-0.00010624504089352125,-0.0009807792663575066,-0.0009876247406006792,-0.0006772464752197336,0.0002394168853759207,-0.11764364139089585
recalibrated,test_probe,0.025,resolution_max_b1,5,-0.0002334888458252294,0.0008299229544796528,3,2,0,0.0006300727844237965,0.0004392677307128723,-0.000597809219360413,-0.00142662429809573,-0.00021235122680667278,-0.024620468789134698
recalibrated,test_probe,0.025,gaussian_postrelu,5,0.0048210861968993966,0.002324802086707629,0,5,0,0.0028610527038573537,0.00484849700927733,0.002171562957763667,0.006752762222290043,0.00747155609130859,0.7817747411075713
recalibrated,test_probe,0.025,resolution_max_b1_gaussian_conv,5,-0.0009242411804199626,0.0008831477533597162,4,1,0,-0.0005246669769286725,-0.0017166038513184547,-0.0016904815673829182,-0.0010773601531982374,0.00038790664672846975,-0.1378366831142555
recalibrated,test_probe,0.05,resolution_max_b1,5,-0.002512059478759792,0.001951913522900257,5,0,0,-0.00021482391357422956,-0.0014082756042480549,-0.004314439392089892,-0.0047635910034180065,-0.0018591674804687777,-0.09156961481007143
recalibrated,test_probe,0.05,gaussian_postrelu,5,0.024400519943237307,0.012439639432766336,0,5,0,0.013795174026489217,0.02327652282714844,0.01121542663574221,0.04010046310424807,0.03361501312255859,0.9495968772531441
recalibrated,test_probe,0.05,resolution_max_b1_gaussian_conv,5,-0.004027152404785185,0.0036632561655610177,4,1,0,-0.005158070373535117,-0.007254049682617267,-0.007184032058715914,-0.001645438003540025,0.0011058280944823973,-0.1527291704984378
recalibrated,test_probe,0.1,resolution_max_b1,5,-0.009573359985351604,0.006292635688012369,5,0,0,-0.0008358871459961392,-0.015028817749023426,-0.014260950469970779,-0.012699559020996135,-0.00504158554077154,-0.08745603229226534
recalibrated,test_probe,0.1,gaussian_postrelu,5,0.11137903579711912,0.0408561365747598,0,5,0,0.07786244430541986,0.10656859283447268,0.0684131652832031,0.16581060867309572,0.1382403678894043,1.0680684674174787
recalibrated,test_probe,0.1,resolution_max_b1_gaussian_conv,5,-0.013439123077392617,0.015705576979627146,4,1,0,-0.022350523376464815,-0.028657019805908276,-0.022063683319091892,0.008633090209960947,-0.0027574790954590506,-0.1308732830512757
recalibrated,test_probe,0.2,resolution_max_b1,5,-0.04654395401000973,0.04324272352337433,4,1,0,0.008111615753173873,-0.10345113372802728,-0.07373335266113284,-0.038204055023193295,-0.02544284439086908,-0.09766387728179358
recalibrated,test_probe,0.2,gaussian_postrelu,5,0.3164838716125488,0.09073508261102614,0,5,0,0.2781323020935057,0.25931533050537126,0.23610140075683594,0.460382169342041,0.34848815536499034,0.7203294458758208
recalibrated,test_probe,0.2,resolution_max_b1_gaussian_conv,5,-0.06316860275268553,0.07240183661918931,4,1,0,-0.07248582000732412,-0.14231402587890624,-0.0988470680236817,0.05200013885498045,-0.05419623870849605,-0.13947121769183268
recalibrated,test_probe,0.25,resolution_max_b1,5,-0.07645219741821281,0.06533882111258746,5,0,0,-0.0009847610473633361,-0.1647456878662108,-0.12036696319580065,-0.05294516067504873,-0.04321841430664053,-0.10123402274750604
recalibrated,test_probe,0.25,gaussian_postrelu,5,0.3827144195556642,0.11728527250484223,0,5,0,0.3632738845825194,0.2875016174316407,0.2829813949584965,0.5694453155517579,0.4103698852539066,0.5474570357950662
recalibrated,test_probe,0.25,resolution_max_b1_gaussian_conv,5,-0.10474246444702143,0.10213627909773283,4,1,0,-0.1056813705444335,-0.22010376968383794,-0.15482272491455074,0.05612950210571299,-0.09923395919799793,-0.14369327316295816
recalibrated,test_probe,0.35,resolution_max_b1,5,-0.1327531591796875,0.09900577264416116,5,0,0,-0.024231700134277112,-0.2572688674926755,-0.2158356414794924,-0.09085367889404306,-0.07557590789794943,-0.09243191709101072
recalibrated,test_probe,0.35,gaussian_postrelu,5,0.39720744354248066,0.15715395487613582,0,5,0,0.4381000732421878,0.25521817779541034,0.2568863662719729,0.6365018020629885,0.39933079833984375,0.295045139649992
recalibrated,test_probe,0.35,resolution_max_b1_gaussian_conv,5,-0.1871573626708983,0.12837734063992803,4,1,0,-0.16613173522949154,-0.32395743865966775,-0.270316227722168,0.012469166564941458,-0.1878505783081057,-0.13331609260875116
recalibrated,test_probe,0.5,resolution_max_b1,5,-0.17780038177490248,0.10603143594003824,5,0,0,-0.04499221801757791,-0.29063825988769576,-0.2803050140380865,-0.15506841430664053,-0.11799800262451177,-0.0723521758520206
recalibrated,test_probe,0.5,gaussian_postrelu,5,0.20813206237792975,0.17642606008806502,0,5,0,0.3098912292480467,0.08624422912597662,0.027421310424804446,0.46097951660156333,0.1561240264892576,0.08951198831259657
recalibrated,test_probe,0.5,resolution_max_b1_gaussian_conv,5,-0.26400154296875017,0.12329304332589756,5,0,0,-0.21833676300048843,-0.34298994445800757,-0.42217611541748123,-0.10070511474609356,-0.23579977722168,-0.10840539859113267
centre_frozen,train_probe,0.005,resolution_max_b1,5,-0.0006256404495239246,0.00023600611657484532,5,0,0,-0.0005523979187011751,-0.0008149354934692196,-0.0009250114440918001,-0.0004712537765502872,-0.00036460361480714076,-0.3675385772363434
centre_frozen,train_probe,0.005,gaussian_postrelu,5,-0.00022113040924071713,0.00023079052959338938,4,1,0,-8.734588623049151e-05,-0.00035391254425044686,-0.0005552764892578193,-0.0001266061782836754,1.748905181884748e-05,-0.12346276752706645
centre_frozen,train_probe,0.005,resolution_max_b1_gaussian_conv,5,-0.0007221467208862256,0.00024672926552318504,5,0,0,-0.0007355754852294976,-0.0009808069229125817,-0.00094280853271482,-0.0004195459365844839,-0.0005319967269897446,-0.42626520003772655
centre_frozen,train_probe,0.01,resolution_max_b1,5,-0.0023100138854980417,0.0007063190871118444,5,0,0,-0.0020880493164062673,-0.0030309343338012426,-0.0030894559860229435,-0.00170140380859373,-0.001640225982666027,-0.34971207769262036
centre_frozen,train_probe,0.01,gaussian_postrelu,5,-0.0006296940231323234,0.0008336709309032373,4,1,0,-9.224967956544469e-05,-0.0012547330856323017,-0.0017628774642944461,-0.0002080564498901259,0.00016944656372070138,-0.08923380386411046
centre_frozen,train_probe,0.01,resolution_max_b1_gaussian_conv,5,-0.002691259689331047,0.0007642905750975691,5,0,0,-0.002836869430542001,-0.003516216087341291,-0.0032815752029418696,-0.0017262153625488249,-0.0020954223632812493,-0.4088323941135058
centre_frozen,train_probe,0.02,resolution_max_b1,5,-0.008910550308227533,0.002331305392776883,5,0,0,-0.008288282585144045,-0.01163798999786373,-0.011087669563293458,-0.006819091987609854,-0.006719717407226575,-0.34192976568455785
centre_frozen,train_probe,0.02,gaussian_postrelu,5,-0.001854637298583979,0.0034396404216149334,3,2,0,-0.0005175085067749066,-0.004738682746887168,-0.006264039039611823,0.0009871671676635711,0.0012598766326904313,-0.06491458136097258
centre_frozen,train_probe,0.02,resolution_max_b1_gaussian_conv,5,-0.010446756820678707,0.00236611692997287,5,0,0,-0.011191694450378419,-0.01307044925689696,-0.011958815956115696,-0.0073905969619751065,-0.00862222747802735,-0.40264034699816464
centre_frozen,train_probe,0.025,resolution_max_b1,5,-0.01398182868957519,0.0034198717034764968,5,0,0,-0.013005161094665534,-0.018080381202697716,-0.017085531997680672,-0.010964242172241193,-0.010773826980590838,-0.3431532292643587
centre_frozen,train_probe,0.025,gaussian_postrelu,5,-0.002493802986145022,0.005577711593020089,3,2,0,-0.0007898027420044085,-0.00723973827362058,-0.009473875045776396,0.0027098514556884792,0.002324549674987797,-0.05498886259310827
centre_frozen,train_probe,0.025,resolution_max_b1_gaussian_conv,5,-0.016432191390991207,0.0033343075046084786,5,0,0,-0.017606298637390154,-0.020152019691467262,-0.018406994247436508,-0.012058368682861333,-0.013937275695800784,-0.4051998753706322
centre_frozen,train_probe,0.05,resolution_max_b1,5,-0.059723826141357426,0.01105271788792118,5,0,0,-0.05465526199340823,-0.07460568428039552,-0.06818359336853026,-0.05180594272613527,-0.04936864833831786,-0.35602153749264465
centre_frozen,train_probe,0.05,gaussian_postrelu,5,-0.004058301544189463,0.025670471291551485,2,3,0,0.0004475337982177141,-0.026173699951171858,-0.034398388671874974,0.025226590538024868,0.014606456565856935,-0.01848883130889319
centre_frozen,train_probe,0.05,resolution_max_b1_gaussian_conv,5,-0.07016492141723633,0.009823983400488451,5,0,0,-0.0747116855621338,-0.08149894981384276,-0.07405124053955074,-0.05664567394256598,-0.06391705722808841,-0.42027099055880257
centre_frozen,train_probe,0.1,resolution_max_b1,5,-0.2682739300537108,0.03790528626208519,5,0,0,-0.25310929107666,-0.32365187911987303,-0.2862185272216795,-0.2539831428527832,-0.22440680999755847,-0.3628115585526871
centre_frozen,train_probe,0.1,gaussian_postrelu,5,-0.025633215332031202,0.10920209896009168,2,3,0,0.009433236694335934,-0.14253093719482413,-0.13600886535644519,0.103266022491455,0.037674466705322374,-0.028909258324301485
centre_frozen,train_probe,0.1,resolution_max_b1_gaussian_conv,5,-0.3144587515258789,0.03988265511072826,5,0,0,-0.34524770889282225,-0.3609145690917969,-0.31077668380737294,-0.2612897766113282,-0.2940650192260742,-0.4267500102574707
centre_frozen,train_probe,0.2,resolution_max_b1,5,-1.053698433532715,0.16354339661770004,5,0,0,-1.2051167633056643,-1.2163138931274418,-1.0442522552490234,-0.9760318191528321,-0.8267774368286136,-0.3124106960646619
centre_frozen,train_probe,0.2,gaussian_postrelu,5,-0.46441217498779325,0.3517238543699686,5,0,0,-0.33204926300048854,-0.9600041503906258,-0.686628852844239,-0.09768348541259764,-0.24569512329101517,-0.13349544818699857
centre_frozen,train_probe,0.2,resolution_max_b1_gaussian_conv,5,-1.2430201478576661,0.2596064530929444,5,0,0,-1.5817505744934084,-1.4640588714599612,-1.0768082336425784,-1.0248455810546875,-1.0676374786376952,-0.36844761443637564
centre_frozen,train_probe,0.25,resolution_max_b1,5,-1.4621869482421874,0.27964335313555516,5,0,0,-1.8561870941162102,-1.6415220932006838,-1.3315855102539063,-1.312726359558106,-1.1689136840820322,-0.27580384789066087
centre_frozen,train_probe,0.25,gaussian_postrelu,5,-0.9000442996215818,0.4168953622451881,5,0,0,-0.8091978851318355,-1.5403858657836906,-1.044197230529786,-0.4650083511352525,-0.6414321655273447,-0.16730597612526626
centre_frozen,train_probe,0.25,resolution_max_b1_gaussian_conv,5,-1.7647046398925785,0.453051990283952,5,0,0,-2.3850620208740234,-2.1049516647338877,-1.3560950698852539,-1.5121824798583976,-1.4652319641113292,-0.33220560025545265
centre_frozen,train_probe,0.35,resolution_max_b1,5,-2.0862051464843754,0.7692609800550264,5,0,0,-3.305433297729495,-2.2303884231567377,-1.2550671691894504,-1.9368927963256857,-1.7032440460205072,-0.20695806478270704
centre_frozen,train_probe,0.35,gaussian_postrelu,5,-1.9447431158447266,0.49257909704888503,5,0,0,-2.2493543762207064,-2.61155015411377,-1.3858138366699198,-1.6050042495727528,-1.871992962646484,-0.19339690858624708
centre_frozen,train_probe,0.35,resolution_max_b1_gaussian_conv,5,-2.7067671551513675,1.0701424359317622,5,0,0,-4.058762103271487,-3.430063475036623,-1.390283547973631,-2.65043282623291,-2.004293823242187,-0.26761855029820064
centre_frozen,train_probe,0.5,resolution_max_b1,5,-3.140928528442385,2.014210831807244,5,0,0,-5.5669178833007855,-2.887429933166505,-0.45100574645995906,-4.605659193420411,-2.193629885864265,-0.14555720419136878
centre_frozen,train_probe,0.5,gaussian_postrelu,5,-4.320099135131838,1.3789217222835448,5,0,0,-5.861499871826176,-4.660211405944828,-2.0744680511474627,-4.551947352600095,-4.4523689941406275,-0.20261487255257546
centre_frozen,train_probe,0.5,resolution_max_b1_gaussian_conv,5,-4.600644903564455,2.59304361610245,5,0,0,-7.280149081420902,-5.77768413543701,-2.364135116577149,-6.241761125183107,-1.3394950592041077,-0.2128792197755983
centre_frozen,test_probe,0.005,resolution_max_b1,5,-0.0003198776245117574,0.00014816035825491273,5,0,0,-0.00012057800292973879,-0.00031680679321290377,-0.0004272087097168477,-0.0004939674377441583,-0.00024082717895513857,-0.24572462853545138
centre_frozen,test_probe,0.005,gaussian_postrelu,5,-5.668052673340374e-05,0.00024860494704172844,2,3,0,5.057983398432651e-05,-0.00024063529968264014,-0.0003714637756347507,2.4695587158252066e-05,0.0002534210205077936,-0.03054760408396045
centre_frozen,test_probe,0.005,resolution_max_b1_gaussian_conv,5,-0.0004773489379883124,0.00012080998313109757,5,0,0,-0.00035245666503904707,-0.0005614280700684483,-0.0006106426239014252,-0.000513780593872043,-0.0003484367370605978,-0.3733716528094728
centre_frozen,test_probe,0.01,resolution_max_b1,5,-0.0015014477539062698,0.0004576789448314722,5,0,0,-0.0008756256103516105,-0.0014520454406738211,-0.0017963500976562684,-0.002068766784667969,-0.0013144508361816794,-0.2872222311523821
centre_frozen,test_probe,0.01,gaussian_postrelu,5,-0.0005137886047363283,0.0008218150156174623,4,1,0,-0.0002553276062012338,-0.0011154014587402613,-0.0015044532775878696,-0.0002951156616210317,0.0006013549804687549,-0.09192849859089232
centre_frozen,test_probe,0.01,resolution_max_b1_gaussian_conv,5,-0.002055533370971715,0.00046329347637978104,5,0,0,-0.0015960266113280996,-0.002275373840332112,-0.0024648200988770463,-0.0024274429321288924,-0.001514003372192424,-0.3953524881502024
centre_frozen,test_probe,0.02,resolution_max_b1,5,-0.007050218811035192,0.001249854813653895,5,0,0,-0.005487873840332065,-0.0072295715332031385,-0.008488613891601614,-0.007945811462402386,-0.006099223327636748,-0.32944325215056536
centre_frozen,test_probe,0.02,gaussian_postrelu,5,-0.0024101482391357515,0.003317293205330711,4,1,0,-0.0020883174896240697,-0.004794779586791999,-0.00657107391357423,-0.00017777595520017744,0.0015812057495117188,-0.10681672120267416
centre_frozen,test_probe,0.02,resolution_max_b1_gaussian_conv,5,-0.008813440856933632,0.0017985598069297896,5,0,0,-0.007630649185180655,-0.009981333923339938,-0.010257260894775482,-0.009979242706298824,-0.006218717575073267,-0.41101356735256145
centre_frozen,test_probe,0.025,resolution_max_b1,5,-0.011399806671142595,0.0018073642871207693,5,0,0,-0.009326689147949218,-0.01174386978149413,-0.013691349029541035,-0.01239149322509769,-0.009845632171630897,-0.3376232004908402
centre_frozen,test_probe,0.025,gaussian_postrelu,5,-0.0034466145324707105,0.005469650650538394,3,2,0,-0.003342620849609422,-0.00723365936279298,-0.01036166839599608,0.001034542846679698,0.0026703330993652317,-0.0966112445102415
centre_frozen,test_probe,0.025,resolution_max_b1_gaussian_conv,5,-0.014001020507812528,0.002651267874918861,5,0,0,-0.012543619918823207,-0.01568115310668952,-0.016085545730590886,-0.015690195083618172,-0.010004588699340854,-0.41384530986248313
centre_frozen,test_probe,0.05,resolution_max_b1,5,-0.04838530029296877,0.006470052758273075,5,0,0,-0.04296165237426759,-0.05270300140380858,-0.056482579803466854,-0.04872255249023441,-0.041056715393066434,-0.3437557085778444
centre_frozen,test_probe,0.05,gaussian_postrelu,5,-0.0036067677307128785,0.026125456693295183,3,2,0,-0.007278184509277363,-0.021435312652587857,-0.03490912094116211,0.026325826263427776,0.01926295318603516,-0.020331206354154096
centre_frozen,test_probe,0.05,resolution_max_b1_gaussian_conv,5,-0.05765314483642581,0.008441902977672121,5,0,0,-0.05618172874450679,-0.06528955764770517,-0.06387602157592782,-0.05884599151611325,-0.044072424697876034,-0.4096106878264047
centre_frozen,test_probe,0.1,resolution_max_b1,5,-0.2122840647888185,0.036932005802638224,5,0,0,-0.19783499679565442,-0.25851815185546856,-0.24156327209472672,-0.19567735977172884,-0.16782654342651382,-0.3349326127763092
centre_frozen,test_probe,0.1,gaussian_postrelu,5,0.006740700683593626,0.11006654119604457,2,3,0,0.021683016967773194,-0.0924859901428221,-0.11682560119628915,0.1382321609497067,0.0830999168395995,0.019547725310528223
centre_frozen,test_probe,0.1,resolution_max_b1_gaussian_conv,5,-0.24765725662231453,0.0455465106344736,5,0,0,-0.2616847259521484,-0.3040838455200193,-0.27069387512207044,-0.20376407394409207,-0.19805976257324237,-0.391291076964169
centre_frozen,test_probe,0.2,resolution_max_b1,5,-0.8722482556152344,0.1546340271402179,5,0,0,-0.9702736618041992,-1.019449230957031,-0.9480510208129886,-0.7712891448974615,-0.6521782196044921,-0.28557597773793497
centre_frozen,test_probe,0.2,gaussian_postrelu,5,-0.3143646847534183,0.3681302659456808,4,1,0,-0.15111836853027372,-0.7758935424804689,-0.6310115386962893,0.07399195861816343,-0.08779193267822283,-0.09681636427904781
centre_frozen,test_probe,0.2,resolution_max_b1_gaussian_conv,5,-1.0388669564819337,0.2431191904302658,5,0,0,-1.2964422760009766,-1.2876541503906247,-0.9929454467773438,-0.8024858566284179,-0.8148070526123052,-0.3397267187529804
centre_frozen,test_probe,0.25,resolution_max_b1,5,-1.2360704373168947,0.24037617439738856,5,0,0,-1.5529515579223636,-1.3871029479980477,-1.2008393707275395,-1.100506713867187,-0.9389515960693355,-0.25273863737133373
centre_frozen,test_probe,0.25,gaussian_postrelu,5,-0.7033857067871095,0.42314664311207456,5,0,0,-0.559563912963867,-1.3066653900146488,-0.9561932250976564,-0.2635613220214852,-0.43094468383789053,-0.14058035749465406
centre_frozen,test_probe,0.25,resolution_max_b1_gaussian_conv,5,-1.511430445861817,0.40619961875582083,5,0,0,-2.0304125350952154,-1.8699520324707049,-1.2280777526855475,-1.265910459899902,-1.1627994491577152,-0.30817561520543896
centre_frozen,test_probe,0.35,resolution_max_b1,5,-1.8331529821777353,0.7102214797239152,5,0,0,-2.9673034088134767,-1.947183190917972,-1.1052898620605465,-1.736101922607424,-1.4098865264892577,-0.19156649681721233
centre_frozen,test_probe,0.35,gaussian_postrelu,5,-1.7091033386230474,0.45026156017730884,5,0,0,-1.9610064666748048,-2.3577420471191415,-1.264424234008792,-1.3691237487792964,-1.5932201965332027,-0.17903814038259042
centre_frozen,test_probe,0.35,resolution_max_b1_gaussian_conv,5,-2.4223868255615235,1.0074133660161135,5,0,0,-3.673083862304688,-3.1459194427490242,-1.2325879211425779,-2.3826604583740236,-1.6776824432373045,-0.2521109542911448
centre_frozen,test_probe,0.5,resolution_max_b1,5,-2.8916290588378915,1.9702573298506065,5,0,0,-5.28590839233399,-2.6231316894531282,-0.33419368286132567,-4.350305993652341,-1.8646055358886713,-0.1377349256531272
centre_frozen,test_probe,0.5,gaussian_postrelu,5,-4.03859898010254,1.3315100803351796,5,0,0,-5.595148275756838,-4.361245941162117,-1.9118332275390628,-4.236382751464841,-4.08838470458984,-0.19501961209956023
centre_frozen,test_probe,0.5,resolution_max_b1_gaussian_conv,5,-4.2903139428710935,2.55928986923369,5,0,0,-6.954938848876953,-5.435797125244143,-2.1838680358886684,-5.8776583435058605,-0.9993073608398433,-0.20404297805849064
